CREATE DATABASE  IF NOT EXISTS `fcontrol_perfmon` /*!40100 DEFAULT CHARACTER SET latin1 */;
USE `fcontrol_perfmon`;
-- MySQL dump 10.13  Distrib 5.6.24, for Win32 (x86)
--
-- Host: 127.0.0.1    Database: fcontrol_perfmon
-- ------------------------------------------------------
-- Server version	5.1.71

/*!40101 SET @OLD_CHARACTER_SET_CLIENT=@@CHARACTER_SET_CLIENT */;
/*!40101 SET @OLD_CHARACTER_SET_RESULTS=@@CHARACTER_SET_RESULTS */;
/*!40101 SET @OLD_COLLATION_CONNECTION=@@COLLATION_CONNECTION */;
/*!40101 SET NAMES utf8 */;
/*!40103 SET @OLD_TIME_ZONE=@@TIME_ZONE */;
/*!40103 SET TIME_ZONE='+00:00' */;
/*!40014 SET @OLD_UNIQUE_CHECKS=@@UNIQUE_CHECKS, UNIQUE_CHECKS=0 */;
/*!40014 SET @OLD_FOREIGN_KEY_CHECKS=@@FOREIGN_KEY_CHECKS, FOREIGN_KEY_CHECKS=0 */;
/*!40101 SET @OLD_SQL_MODE=@@SQL_MODE, SQL_MODE='NO_AUTO_VALUE_ON_ZERO' */;
/*!40111 SET @OLD_SQL_NOTES=@@SQL_NOTES, SQL_NOTES=0 */;

--
-- Table structure for table `analysis_quarterly_monitor`
--

DROP TABLE IF EXISTS `analysis_quarterly_monitor`;
/*!40101 SET @saved_cs_client     = @@character_set_client */;
/*!40101 SET character_set_client = utf8 */;
CREATE TABLE `analysis_quarterly_monitor` (
  `id` bigint(20) NOT NULL AUTO_INCREMENT,
  `user_id` bigint(20) NOT NULL,
  `calendar_id` bigint(20) NOT NULL,
  `quarter_hour_checkpoint_id` int(11) NOT NULL,
  `automatic_analysis` bigint(20) NOT NULL DEFAULT '0',
  `manual_analysys` bigint(20) NOT NULL DEFAULT '0',
  PRIMARY KEY (`id`),
  UNIQUE KEY `index001` (`user_id`,`calendar_id`,`quarter_hour_checkpoint_id`),
  KEY `calendar_id` (`calendar_id`),
  KEY `quarter_hour_checkpoint_id` (`quarter_hour_checkpoint_id`),
  CONSTRAINT `analysis_quarterly_monitor_ibfk_1` FOREIGN KEY (`user_id`) REFERENCES `user` (`id`) ON DELETE CASCADE ON UPDATE CASCADE,
  CONSTRAINT `analysis_quarterly_monitor_ibfk_2` FOREIGN KEY (`calendar_id`) REFERENCES `calendar` (`id`) ON DELETE CASCADE ON UPDATE CASCADE,
  CONSTRAINT `analysis_quarterly_monitor_ibfk_3` FOREIGN KEY (`quarter_hour_checkpoint_id`) REFERENCES `quarter_hour_checkpoint` (`id`) ON DELETE CASCADE ON UPDATE CASCADE
) ENGINE=InnoDB DEFAULT CHARSET=latin1;
/*!40101 SET character_set_client = @saved_cs_client */;

--
-- Dumping data for table `analysis_quarterly_monitor`
--

LOCK TABLES `analysis_quarterly_monitor` WRITE;
/*!40000 ALTER TABLE `analysis_quarterly_monitor` DISABLE KEYS */;
/*!40000 ALTER TABLE `analysis_quarterly_monitor` ENABLE KEYS */;
UNLOCK TABLES;

--
-- Table structure for table `calendar`
--

DROP TABLE IF EXISTS `calendar`;
/*!40101 SET @saved_cs_client     = @@character_set_client */;
/*!40101 SET character_set_client = utf8 */;
CREATE TABLE `calendar` (
  `id` bigint(20) NOT NULL AUTO_INCREMENT,
  `calendar_date` date NOT NULL,
  PRIMARY KEY (`id`),
  UNIQUE KEY `calendar_date` (`calendar_date`)
) ENGINE=InnoDB AUTO_INCREMENT=4741 DEFAULT CHARSET=latin1;
/*!40101 SET character_set_client = @saved_cs_client */;

--
-- Dumping data for table `calendar`
--

LOCK TABLES `calendar` WRITE;
/*!40000 ALTER TABLE `calendar` DISABLE KEYS */;
INSERT INTO `calendar` VALUES (1,'2015-03-07'),(2,'2015-03-08'),(3,'2015-03-09'),(4,'2015-03-10'),(5,'2015-03-11'),(6,'2015-03-12'),(7,'2015-03-13'),(8,'2015-03-14'),(9,'2015-03-15'),(10,'2015-03-16'),(11,'2015-03-17'),(12,'2015-03-18'),(13,'2015-03-19'),(14,'2015-03-20'),(15,'2015-03-21'),(16,'2015-03-22'),(17,'2015-03-23'),(18,'2015-03-24'),(19,'2015-03-25'),(20,'2015-03-26'),(21,'2015-03-27'),(22,'2015-03-28'),(23,'2015-03-29'),(24,'2015-03-30'),(25,'2015-03-31'),(26,'2015-04-01'),(27,'2015-04-02'),(28,'2015-04-03'),(29,'2015-04-04'),(30,'2015-04-05'),(31,'2015-04-06'),(32,'2015-04-07'),(33,'2015-04-08'),(34,'2015-04-09'),(35,'2015-04-10'),(36,'2015-04-11'),(37,'2015-04-12'),(38,'2015-04-13'),(39,'2015-04-14'),(40,'2015-04-15'),(41,'2015-04-16'),(42,'2015-04-17'),(43,'2015-04-18'),(44,'2015-04-19'),(45,'2015-04-20'),(46,'2015-04-21'),(47,'2015-04-22'),(48,'2015-04-23'),(49,'2015-04-24'),(50,'2015-04-25'),(51,'2015-04-26'),(52,'2015-04-27'),(53,'2015-04-28'),(54,'2015-04-29'),(55,'2015-04-30'),(56,'2015-05-01'),(57,'2015-05-02'),(58,'2015-05-03'),(59,'2015-05-04'),(60,'2015-05-05'),(61,'2015-05-06'),(62,'2015-05-07'),(63,'2015-05-08'),(64,'2015-05-09'),(65,'2015-05-10'),(66,'2015-05-11'),(67,'2015-05-12'),(68,'2015-05-13'),(69,'2015-05-14'),(70,'2015-05-15'),(71,'2015-05-16'),(72,'2015-05-17'),(73,'2015-05-18'),(74,'2015-05-19'),(75,'2015-05-20'),(76,'2015-05-21'),(77,'2015-05-22'),(78,'2015-05-23'),(79,'2015-05-24'),(80,'2015-05-25'),(81,'2015-05-26'),(82,'2015-05-27'),(83,'2015-05-28'),(84,'2015-05-29'),(85,'2015-05-30'),(86,'2015-05-31'),(87,'2015-06-01'),(88,'2015-06-02'),(89,'2015-06-03'),(90,'2015-06-04'),(91,'2015-06-05'),(92,'2015-06-06'),(93,'2015-06-07'),(94,'2015-06-08'),(95,'2015-06-09'),(96,'2015-06-10'),(97,'2015-06-11'),(98,'2015-06-12'),(99,'2015-06-13'),(100,'2015-06-14'),(101,'2015-06-15'),(102,'2015-06-16'),(103,'2015-06-17'),(104,'2015-06-18'),(105,'2015-06-19'),(106,'2015-06-20'),(107,'2015-06-21'),(108,'2015-06-22'),(109,'2015-06-23'),(110,'2015-06-24'),(111,'2015-06-25'),(112,'2015-06-26'),(113,'2015-06-27'),(114,'2015-06-28'),(115,'2015-06-29'),(116,'2015-06-30'),(117,'2015-07-01'),(118,'2015-07-02'),(119,'2015-07-03'),(120,'2015-07-04'),(121,'2015-07-05'),(122,'2015-07-06'),(123,'2015-07-07'),(124,'2015-07-08'),(125,'2015-07-09'),(126,'2015-07-10'),(127,'2015-07-11'),(128,'2015-07-12'),(129,'2015-07-13'),(130,'2015-07-14'),(131,'2015-07-15'),(132,'2015-07-16'),(133,'2015-07-17'),(134,'2015-07-18'),(135,'2015-07-19'),(136,'2015-07-20'),(137,'2015-07-21'),(138,'2015-07-22'),(139,'2015-07-23'),(140,'2015-07-24'),(141,'2015-07-25'),(142,'2015-07-26'),(143,'2015-07-27'),(144,'2015-07-28'),(145,'2015-07-29'),(146,'2015-07-30'),(147,'2015-07-31'),(148,'2015-08-01'),(149,'2015-08-02'),(150,'2015-08-03'),(151,'2015-08-04'),(152,'2015-08-05'),(153,'2015-08-06'),(154,'2015-08-07'),(155,'2015-08-08'),(156,'2015-08-09'),(157,'2015-08-10'),(158,'2015-08-11'),(159,'2015-08-12'),(160,'2015-08-13'),(161,'2015-08-14'),(162,'2015-08-15'),(163,'2015-08-16'),(164,'2015-08-17'),(165,'2015-08-18'),(166,'2015-08-19'),(167,'2015-08-20'),(168,'2015-08-21'),(169,'2015-08-22'),(170,'2015-08-23'),(171,'2015-08-24'),(172,'2015-08-25'),(173,'2015-08-26'),(174,'2015-08-27'),(175,'2015-08-28'),(176,'2015-08-29'),(177,'2015-08-30'),(178,'2015-08-31'),(179,'2015-09-01'),(180,'2015-09-02'),(181,'2015-09-03'),(182,'2015-09-04'),(183,'2015-09-05'),(184,'2015-09-06'),(185,'2015-09-07'),(186,'2015-09-08'),(187,'2015-09-09'),(188,'2015-09-10'),(189,'2015-09-11'),(190,'2015-09-12'),(191,'2015-09-13'),(192,'2015-09-14'),(193,'2015-09-15'),(194,'2015-09-16'),(195,'2015-09-17'),(196,'2015-09-18'),(197,'2015-09-19'),(198,'2015-09-20'),(199,'2015-09-21'),(200,'2015-09-22'),(201,'2015-09-23'),(202,'2015-09-24'),(203,'2015-09-25'),(204,'2015-09-26'),(205,'2015-09-27'),(206,'2015-09-28'),(207,'2015-09-29'),(208,'2015-09-30'),(209,'2015-10-01'),(210,'2015-10-02'),(211,'2015-10-03'),(212,'2015-10-04'),(213,'2015-10-05'),(214,'2015-10-06'),(215,'2015-10-07'),(216,'2015-10-08'),(217,'2015-10-09'),(218,'2015-10-10'),(219,'2015-10-11'),(220,'2015-10-12'),(221,'2015-10-13'),(222,'2015-10-14'),(223,'2015-10-15'),(224,'2015-10-16'),(225,'2015-10-17'),(226,'2015-10-18'),(227,'2015-10-19'),(228,'2015-10-20'),(229,'2015-10-21'),(230,'2015-10-22'),(231,'2015-10-23'),(232,'2015-10-24'),(233,'2015-10-25'),(234,'2015-10-26'),(235,'2015-10-27'),(236,'2015-10-28'),(237,'2015-10-29'),(238,'2015-10-30'),(239,'2015-10-31'),(240,'2015-11-01'),(241,'2015-11-02'),(242,'2015-11-03'),(243,'2015-11-04'),(244,'2015-11-05'),(245,'2015-11-06'),(246,'2015-11-07'),(247,'2015-11-08'),(248,'2015-11-09'),(249,'2015-11-10'),(250,'2015-11-11'),(251,'2015-11-12'),(252,'2015-11-13'),(253,'2015-11-14'),(254,'2015-11-15'),(255,'2015-11-16'),(256,'2015-11-17'),(257,'2015-11-18'),(258,'2015-11-19'),(259,'2015-11-20'),(260,'2015-11-21'),(261,'2015-11-22'),(262,'2015-11-23'),(263,'2015-11-24'),(264,'2015-11-25'),(265,'2015-11-26'),(266,'2015-11-27'),(267,'2015-11-28'),(268,'2015-11-29'),(269,'2015-11-30'),(270,'2015-12-01'),(271,'2015-12-02'),(272,'2015-12-03'),(273,'2015-12-04'),(274,'2015-12-05'),(275,'2015-12-06'),(276,'2015-12-07'),(277,'2015-12-08'),(278,'2015-12-09'),(279,'2015-12-10'),(280,'2015-12-11'),(281,'2015-12-12'),(282,'2015-12-13'),(283,'2015-12-14'),(284,'2015-12-15'),(285,'2015-12-16'),(286,'2015-12-17'),(287,'2015-12-18'),(288,'2015-12-19'),(289,'2015-12-20'),(290,'2015-12-21'),(291,'2015-12-22'),(292,'2015-12-23'),(293,'2015-12-24'),(294,'2015-12-25'),(295,'2015-12-26'),(296,'2015-12-27'),(297,'2015-12-28'),(298,'2015-12-29'),(299,'2015-12-30'),(300,'2015-12-31'),(301,'2016-01-01'),(302,'2016-01-02'),(303,'2016-01-03'),(304,'2016-01-04'),(305,'2016-01-05'),(306,'2016-01-06'),(307,'2016-01-07'),(308,'2016-01-08'),(309,'2016-01-09'),(310,'2016-01-10'),(311,'2016-01-11'),(312,'2016-01-12'),(313,'2016-01-13'),(314,'2016-01-14'),(315,'2016-01-15'),(316,'2016-01-16'),(317,'2016-01-17'),(318,'2016-01-18'),(319,'2016-01-19'),(320,'2016-01-20'),(321,'2016-01-21'),(322,'2016-01-22'),(323,'2016-01-23'),(324,'2016-01-24'),(325,'2016-01-25'),(326,'2016-01-26'),(327,'2016-01-27'),(328,'2016-01-28'),(329,'2016-01-29'),(330,'2016-01-30'),(331,'2016-01-31'),(332,'2016-02-01'),(333,'2016-02-02'),(334,'2016-02-03'),(335,'2016-02-04'),(336,'2016-02-05'),(337,'2016-02-06'),(338,'2016-02-07'),(339,'2016-02-08'),(340,'2016-02-09'),(341,'2016-02-10'),(342,'2016-02-11'),(343,'2016-02-12'),(344,'2016-02-13'),(345,'2016-02-14'),(346,'2016-02-15'),(347,'2016-02-16'),(348,'2016-02-17'),(349,'2016-02-18'),(350,'2016-02-19'),(351,'2016-02-20'),(352,'2016-02-21'),(353,'2016-02-22'),(354,'2016-02-23'),(355,'2016-02-24'),(356,'2016-02-25'),(357,'2016-02-26'),(358,'2016-02-27'),(359,'2016-02-28'),(360,'2016-02-29'),(361,'2016-03-01'),(362,'2016-03-02'),(363,'2016-03-03'),(364,'2016-03-04'),(365,'2016-03-05'),(366,'2016-03-06'),(367,'2016-03-07'),(368,'2016-03-08'),(369,'2016-03-09'),(370,'2016-03-10'),(371,'2016-03-11'),(372,'2016-03-12'),(373,'2016-03-13'),(374,'2016-03-14'),(375,'2016-03-15'),(376,'2016-03-16'),(377,'2016-03-17'),(378,'2016-03-18'),(379,'2016-03-19'),(380,'2016-03-20'),(381,'2016-03-21'),(382,'2016-03-22'),(383,'2016-03-23'),(384,'2016-03-24'),(385,'2016-03-25'),(386,'2016-03-26'),(387,'2016-03-27'),(388,'2016-03-28'),(389,'2016-03-29'),(390,'2016-03-30'),(391,'2016-03-31'),(392,'2016-04-01'),(393,'2016-04-02'),(394,'2016-04-03'),(395,'2016-04-04'),(396,'2016-04-05'),(397,'2016-04-06'),(398,'2016-04-07'),(399,'2016-04-08'),(400,'2016-04-09'),(401,'2016-04-10'),(402,'2016-04-11'),(403,'2016-04-12'),(404,'2016-04-13'),(405,'2016-04-14'),(406,'2016-04-15'),(407,'2016-04-16'),(408,'2016-04-17'),(409,'2016-04-18'),(410,'2016-04-19'),(411,'2016-04-20'),(412,'2016-04-21'),(413,'2016-04-22'),(414,'2016-04-23'),(415,'2016-04-24'),(416,'2016-04-25'),(417,'2016-04-26'),(418,'2016-04-27'),(419,'2016-04-28'),(420,'2016-04-29'),(421,'2016-04-30'),(422,'2016-05-01'),(423,'2016-05-02'),(424,'2016-05-03'),(425,'2016-05-04'),(426,'2016-05-05'),(427,'2016-05-06'),(428,'2016-05-07'),(429,'2016-05-08'),(430,'2016-05-09'),(431,'2016-05-10'),(432,'2016-05-11'),(433,'2016-05-12'),(434,'2016-05-13'),(435,'2016-05-14'),(436,'2016-05-15'),(437,'2016-05-16'),(438,'2016-05-17'),(439,'2016-05-18'),(440,'2016-05-19'),(441,'2016-05-20'),(442,'2016-05-21'),(443,'2016-05-22'),(444,'2016-05-23'),(445,'2016-05-24'),(446,'2016-05-25'),(447,'2016-05-26'),(448,'2016-05-27'),(449,'2016-05-28'),(450,'2016-05-29'),(451,'2016-05-30'),(452,'2016-05-31'),(453,'2016-06-01'),(454,'2016-06-02'),(455,'2016-06-03'),(456,'2016-06-04'),(457,'2016-06-05'),(458,'2016-06-06'),(459,'2016-06-07'),(460,'2016-06-08'),(461,'2016-06-09'),(462,'2016-06-10'),(463,'2016-06-11'),(464,'2016-06-12'),(465,'2016-06-13'),(466,'2016-06-14'),(467,'2016-06-15'),(468,'2016-06-16'),(469,'2016-06-17'),(470,'2016-06-18'),(471,'2016-06-19'),(472,'2016-06-20'),(473,'2016-06-21'),(474,'2016-06-22'),(475,'2016-06-23'),(476,'2016-06-24'),(477,'2016-06-25'),(478,'2016-06-26'),(479,'2016-06-27'),(480,'2016-06-28'),(481,'2016-06-29'),(482,'2016-06-30'),(483,'2016-07-01'),(484,'2016-07-02'),(485,'2016-07-03'),(486,'2016-07-04'),(487,'2016-07-05'),(488,'2016-07-06'),(489,'2016-07-07'),(490,'2016-07-08'),(491,'2016-07-09'),(492,'2016-07-10'),(493,'2016-07-11'),(494,'2016-07-12'),(495,'2016-07-13'),(496,'2016-07-14'),(497,'2016-07-15'),(498,'2016-07-16'),(499,'2016-07-17'),(500,'2016-07-18'),(501,'2016-07-19'),(502,'2016-07-20'),(503,'2016-07-21'),(504,'2016-07-22'),(505,'2016-07-23'),(506,'2016-07-24'),(507,'2016-07-25'),(508,'2016-07-26'),(509,'2016-07-27'),(510,'2016-07-28'),(511,'2016-07-29'),(512,'2016-07-30'),(513,'2016-07-31'),(514,'2016-08-01'),(515,'2016-08-02'),(516,'2016-08-03'),(517,'2016-08-04'),(518,'2016-08-05'),(519,'2016-08-06'),(520,'2016-08-07'),(521,'2016-08-08'),(522,'2016-08-09'),(523,'2016-08-10'),(524,'2016-08-11'),(525,'2016-08-12'),(526,'2016-08-13'),(527,'2016-08-14'),(528,'2016-08-15'),(529,'2016-08-16'),(530,'2016-08-17'),(531,'2016-08-18'),(532,'2016-08-19'),(533,'2016-08-20'),(534,'2016-08-21'),(535,'2016-08-22'),(536,'2016-08-23'),(537,'2016-08-24'),(538,'2016-08-25'),(539,'2016-08-26'),(540,'2016-08-27'),(541,'2016-08-28'),(542,'2016-08-29'),(543,'2016-08-30'),(544,'2016-08-31'),(545,'2016-09-01'),(546,'2016-09-02'),(547,'2016-09-03'),(548,'2016-09-04'),(549,'2016-09-05'),(550,'2016-09-06'),(551,'2016-09-07'),(552,'2016-09-08'),(553,'2016-09-09'),(554,'2016-09-10'),(555,'2016-09-11'),(556,'2016-09-12'),(557,'2016-09-13'),(558,'2016-09-14'),(559,'2016-09-15'),(560,'2016-09-16'),(561,'2016-09-17'),(562,'2016-09-18'),(563,'2016-09-19'),(564,'2016-09-20'),(565,'2016-09-21'),(566,'2016-09-22'),(567,'2016-09-23'),(568,'2016-09-24'),(569,'2016-09-25'),(570,'2016-09-26'),(571,'2016-09-27'),(572,'2016-09-28'),(573,'2016-09-29'),(574,'2016-09-30'),(575,'2016-10-01'),(576,'2016-10-02'),(577,'2016-10-03'),(578,'2016-10-04'),(579,'2016-10-05'),(580,'2016-10-06'),(581,'2016-10-07'),(582,'2016-10-08'),(583,'2016-10-09'),(584,'2016-10-10'),(585,'2016-10-11'),(586,'2016-10-12'),(587,'2016-10-13'),(588,'2016-10-14'),(589,'2016-10-15'),(590,'2016-10-16'),(591,'2016-10-17'),(592,'2016-10-18'),(593,'2016-10-19'),(594,'2016-10-20'),(595,'2016-10-21'),(596,'2016-10-22'),(597,'2016-10-23'),(598,'2016-10-24'),(599,'2016-10-25'),(600,'2016-10-26'),(601,'2016-10-27'),(602,'2016-10-28'),(603,'2016-10-29'),(604,'2016-10-30'),(605,'2016-10-31'),(606,'2016-11-01'),(607,'2016-11-02'),(608,'2016-11-03'),(609,'2016-11-04'),(610,'2016-11-05'),(611,'2016-11-06'),(612,'2016-11-07'),(613,'2016-11-08'),(614,'2016-11-09'),(615,'2016-11-10'),(616,'2016-11-11'),(617,'2016-11-12'),(618,'2016-11-13'),(619,'2016-11-14'),(620,'2016-11-15'),(621,'2016-11-16'),(622,'2016-11-17'),(623,'2016-11-18'),(624,'2016-11-19'),(625,'2016-11-20'),(626,'2016-11-21'),(627,'2016-11-22'),(628,'2016-11-23'),(629,'2016-11-24'),(630,'2016-11-25'),(631,'2016-11-26'),(632,'2016-11-27'),(633,'2016-11-28'),(634,'2016-11-29'),(635,'2016-11-30'),(636,'2016-12-01'),(637,'2016-12-02'),(638,'2016-12-03'),(639,'2016-12-04'),(640,'2016-12-05'),(641,'2016-12-06'),(642,'2016-12-07'),(643,'2016-12-08'),(644,'2016-12-09'),(645,'2016-12-10'),(646,'2016-12-11'),(647,'2016-12-12'),(648,'2016-12-13'),(649,'2016-12-14'),(650,'2016-12-15'),(651,'2016-12-16'),(652,'2016-12-17'),(653,'2016-12-18'),(654,'2016-12-19'),(655,'2016-12-20'),(656,'2016-12-21'),(657,'2016-12-22'),(658,'2016-12-23'),(659,'2016-12-24'),(660,'2016-12-25'),(661,'2016-12-26'),(662,'2016-12-27'),(663,'2016-12-28'),(664,'2016-12-29'),(665,'2016-12-30'),(666,'2016-12-31'),(667,'2017-01-01'),(668,'2017-01-02'),(669,'2017-01-03'),(670,'2017-01-04'),(671,'2017-01-05'),(672,'2017-01-06'),(673,'2017-01-07'),(674,'2017-01-08'),(675,'2017-01-09'),(676,'2017-01-10'),(677,'2017-01-11'),(678,'2017-01-12'),(679,'2017-01-13'),(680,'2017-01-14'),(681,'2017-01-15'),(682,'2017-01-16'),(683,'2017-01-17'),(684,'2017-01-18'),(685,'2017-01-19'),(686,'2017-01-20'),(687,'2017-01-21'),(688,'2017-01-22'),(689,'2017-01-23'),(690,'2017-01-24'),(691,'2017-01-25'),(692,'2017-01-26'),(693,'2017-01-27'),(694,'2017-01-28'),(695,'2017-01-29'),(696,'2017-01-30'),(697,'2017-01-31'),(698,'2017-02-01'),(699,'2017-02-02'),(700,'2017-02-03'),(701,'2017-02-04'),(702,'2017-02-05'),(703,'2017-02-06'),(704,'2017-02-07'),(705,'2017-02-08'),(706,'2017-02-09'),(707,'2017-02-10'),(708,'2017-02-11'),(709,'2017-02-12'),(710,'2017-02-13'),(711,'2017-02-14'),(712,'2017-02-15'),(713,'2017-02-16'),(714,'2017-02-17'),(715,'2017-02-18'),(716,'2017-02-19'),(717,'2017-02-20'),(718,'2017-02-21'),(719,'2017-02-22'),(720,'2017-02-23'),(721,'2017-02-24'),(722,'2017-02-25'),(723,'2017-02-26'),(724,'2017-02-27'),(725,'2017-02-28'),(726,'2017-03-01'),(727,'2017-03-02'),(728,'2017-03-03'),(729,'2017-03-04'),(730,'2017-03-05'),(731,'2017-03-06'),(732,'2017-03-07'),(733,'2017-03-08'),(734,'2017-03-09'),(735,'2017-03-10'),(736,'2017-03-11'),(737,'2017-03-12'),(738,'2017-03-13'),(739,'2017-03-14'),(740,'2017-03-15'),(741,'2017-03-16'),(742,'2017-03-17'),(743,'2017-03-18'),(744,'2017-03-19'),(745,'2017-03-20'),(746,'2017-03-21'),(747,'2017-03-22'),(748,'2017-03-23'),(749,'2017-03-24'),(750,'2017-03-25'),(751,'2017-03-26'),(752,'2017-03-27'),(753,'2017-03-28'),(754,'2017-03-29'),(755,'2017-03-30'),(756,'2017-03-31'),(757,'2017-04-01'),(758,'2017-04-02'),(759,'2017-04-03'),(760,'2017-04-04'),(761,'2017-04-05'),(762,'2017-04-06'),(763,'2017-04-07'),(764,'2017-04-08'),(765,'2017-04-09'),(766,'2017-04-10'),(767,'2017-04-11'),(768,'2017-04-12'),(769,'2017-04-13'),(770,'2017-04-14'),(771,'2017-04-15'),(772,'2017-04-16'),(773,'2017-04-17'),(774,'2017-04-18'),(775,'2017-04-19'),(776,'2017-04-20'),(777,'2017-04-21'),(778,'2017-04-22'),(779,'2017-04-23'),(780,'2017-04-24'),(781,'2017-04-25'),(782,'2017-04-26'),(783,'2017-04-27'),(784,'2017-04-28'),(785,'2017-04-29'),(786,'2017-04-30'),(787,'2017-05-01'),(788,'2017-05-02'),(789,'2017-05-03'),(790,'2017-05-04'),(791,'2017-05-05'),(792,'2017-05-06'),(793,'2017-05-07'),(794,'2017-05-08'),(795,'2017-05-09'),(796,'2017-05-10'),(797,'2017-05-11'),(798,'2017-05-12'),(799,'2017-05-13'),(800,'2017-05-14'),(801,'2017-05-15'),(802,'2017-05-16'),(803,'2017-05-17'),(804,'2017-05-18'),(805,'2017-05-19'),(806,'2017-05-20'),(807,'2017-05-21'),(808,'2017-05-22'),(809,'2017-05-23'),(810,'2017-05-24'),(811,'2017-05-25'),(812,'2017-05-26'),(813,'2017-05-27'),(814,'2017-05-28'),(815,'2017-05-29'),(816,'2017-05-30'),(817,'2017-05-31'),(818,'2017-06-01'),(819,'2017-06-02'),(820,'2017-06-03'),(821,'2017-06-04'),(822,'2017-06-05'),(823,'2017-06-06'),(824,'2017-06-07'),(825,'2017-06-08'),(826,'2017-06-09'),(827,'2017-06-10'),(828,'2017-06-11'),(829,'2017-06-12'),(830,'2017-06-13'),(831,'2017-06-14'),(832,'2017-06-15'),(833,'2017-06-16'),(834,'2017-06-17'),(835,'2017-06-18'),(836,'2017-06-19'),(837,'2017-06-20'),(838,'2017-06-21'),(839,'2017-06-22'),(840,'2017-06-23'),(841,'2017-06-24'),(842,'2017-06-25'),(843,'2017-06-26'),(844,'2017-06-27'),(845,'2017-06-28'),(846,'2017-06-29'),(847,'2017-06-30'),(848,'2017-07-01'),(849,'2017-07-02'),(850,'2017-07-03'),(851,'2017-07-04'),(852,'2017-07-05'),(853,'2017-07-06'),(854,'2017-07-07'),(855,'2017-07-08'),(856,'2017-07-09'),(857,'2017-07-10'),(858,'2017-07-11'),(859,'2017-07-12'),(860,'2017-07-13'),(861,'2017-07-14'),(862,'2017-07-15'),(863,'2017-07-16'),(864,'2017-07-17'),(865,'2017-07-18'),(866,'2017-07-19'),(867,'2017-07-20'),(868,'2017-07-21'),(869,'2017-07-22'),(870,'2017-07-23'),(871,'2017-07-24'),(872,'2017-07-25'),(873,'2017-07-26'),(874,'2017-07-27'),(875,'2017-07-28'),(876,'2017-07-29'),(877,'2017-07-30'),(878,'2017-07-31'),(879,'2017-08-01'),(880,'2017-08-02'),(881,'2017-08-03'),(882,'2017-08-04'),(883,'2017-08-05'),(884,'2017-08-06'),(885,'2017-08-07'),(886,'2017-08-08'),(887,'2017-08-09'),(888,'2017-08-10'),(889,'2017-08-11'),(890,'2017-08-12'),(891,'2017-08-13'),(892,'2017-08-14'),(893,'2017-08-15'),(894,'2017-08-16'),(895,'2017-08-17'),(896,'2017-08-18'),(897,'2017-08-19'),(898,'2017-08-20'),(899,'2017-08-21'),(900,'2017-08-22'),(901,'2017-08-23'),(902,'2017-08-24'),(903,'2017-08-25'),(904,'2017-08-26'),(905,'2017-08-27'),(906,'2017-08-28'),(907,'2017-08-29'),(908,'2017-08-30'),(909,'2017-08-31'),(910,'2017-09-01'),(911,'2017-09-02'),(912,'2017-09-03'),(913,'2017-09-04'),(914,'2017-09-05'),(915,'2017-09-06'),(916,'2017-09-07'),(917,'2017-09-08'),(918,'2017-09-09'),(919,'2017-09-10'),(920,'2017-09-11'),(921,'2017-09-12'),(922,'2017-09-13'),(923,'2017-09-14'),(924,'2017-09-15'),(925,'2017-09-16'),(926,'2017-09-17'),(927,'2017-09-18'),(928,'2017-09-19'),(929,'2017-09-20'),(930,'2017-09-21'),(931,'2017-09-22'),(932,'2017-09-23'),(933,'2017-09-24'),(934,'2017-09-25'),(935,'2017-09-26'),(936,'2017-09-27'),(937,'2017-09-28'),(938,'2017-09-29'),(939,'2017-09-30'),(940,'2017-10-01'),(941,'2017-10-02'),(942,'2017-10-03'),(943,'2017-10-04'),(944,'2017-10-05'),(945,'2017-10-06'),(946,'2017-10-07'),(947,'2017-10-08'),(948,'2017-10-09'),(949,'2017-10-10'),(950,'2017-10-11'),(951,'2017-10-12'),(952,'2017-10-13'),(953,'2017-10-14'),(954,'2017-10-15'),(955,'2017-10-16'),(956,'2017-10-17'),(957,'2017-10-18'),(958,'2017-10-19'),(959,'2017-10-20'),(960,'2017-10-21'),(961,'2017-10-22'),(962,'2017-10-23'),(963,'2017-10-24'),(964,'2017-10-25'),(965,'2017-10-26'),(966,'2017-10-27'),(967,'2017-10-28'),(968,'2017-10-29'),(969,'2017-10-30'),(970,'2017-10-31'),(971,'2017-11-01'),(972,'2017-11-02'),(973,'2017-11-03'),(974,'2017-11-04'),(975,'2017-11-05'),(976,'2017-11-06'),(977,'2017-11-07'),(978,'2017-11-08'),(979,'2017-11-09'),(980,'2017-11-10'),(981,'2017-11-11'),(982,'2017-11-12'),(983,'2017-11-13'),(984,'2017-11-14'),(985,'2017-11-15'),(986,'2017-11-16'),(987,'2017-11-17'),(988,'2017-11-18'),(989,'2017-11-19'),(990,'2017-11-20'),(991,'2017-11-21'),(992,'2017-11-22'),(993,'2017-11-23'),(994,'2017-11-24'),(995,'2017-11-25'),(996,'2017-11-26'),(997,'2017-11-27'),(998,'2017-11-28'),(999,'2017-11-29'),(1000,'2017-11-30'),(1001,'2017-12-01'),(1002,'2017-12-02'),(1003,'2017-12-03'),(1004,'2017-12-04'),(1005,'2017-12-05'),(1006,'2017-12-06'),(1007,'2017-12-07'),(1008,'2017-12-08'),(1009,'2017-12-09'),(1010,'2017-12-10'),(1011,'2017-12-11'),(1012,'2017-12-12'),(1013,'2017-12-13'),(1014,'2017-12-14'),(1015,'2017-12-15'),(1016,'2017-12-16'),(1017,'2017-12-17'),(1018,'2017-12-18'),(1019,'2017-12-19'),(1020,'2017-12-20'),(1021,'2017-12-21'),(1022,'2017-12-22'),(1023,'2017-12-23'),(1024,'2017-12-24'),(1025,'2017-12-25'),(1026,'2017-12-26'),(1027,'2017-12-27'),(1028,'2017-12-28'),(1029,'2017-12-29'),(1030,'2017-12-30'),(1031,'2017-12-31'),(1032,'2018-01-01'),(1033,'2018-01-02'),(1034,'2018-01-03'),(1035,'2018-01-04'),(1036,'2018-01-05'),(1037,'2018-01-06'),(1038,'2018-01-07'),(1039,'2018-01-08'),(1040,'2018-01-09'),(1041,'2018-01-10'),(1042,'2018-01-11'),(1043,'2018-01-12'),(1044,'2018-01-13'),(1045,'2018-01-14'),(1046,'2018-01-15'),(1047,'2018-01-16'),(1048,'2018-01-17'),(1049,'2018-01-18'),(1050,'2018-01-19'),(1051,'2018-01-20'),(1052,'2018-01-21'),(1053,'2018-01-22'),(1054,'2018-01-23'),(1055,'2018-01-24'),(1056,'2018-01-25'),(1057,'2018-01-26'),(1058,'2018-01-27'),(1059,'2018-01-28'),(1060,'2018-01-29'),(1061,'2018-01-30'),(1062,'2018-01-31'),(1063,'2018-02-01'),(1064,'2018-02-02'),(1065,'2018-02-03'),(1066,'2018-02-04'),(1067,'2018-02-05'),(1068,'2018-02-06'),(1069,'2018-02-07'),(1070,'2018-02-08'),(1071,'2018-02-09'),(1072,'2018-02-10'),(1073,'2018-02-11'),(1074,'2018-02-12'),(1075,'2018-02-13'),(1076,'2018-02-14'),(1077,'2018-02-15'),(1078,'2018-02-16'),(1079,'2018-02-17'),(1080,'2018-02-18'),(1081,'2018-02-19'),(1082,'2018-02-20'),(1083,'2018-02-21'),(1084,'2018-02-22'),(1085,'2018-02-23'),(1086,'2018-02-24'),(1087,'2018-02-25'),(1088,'2018-02-26'),(1089,'2018-02-27'),(1090,'2018-02-28'),(1091,'2018-03-01'),(1092,'2018-03-02'),(1093,'2018-03-03'),(1094,'2018-03-04'),(1095,'2018-03-05'),(1096,'2018-03-06'),(1097,'2018-03-07'),(1098,'2018-03-08'),(1099,'2018-03-09'),(1100,'2018-03-10'),(1101,'2018-03-11'),(1102,'2018-03-12'),(1103,'2018-03-13'),(1104,'2018-03-14'),(1105,'2018-03-15'),(1106,'2018-03-16'),(1107,'2018-03-17'),(1108,'2018-03-18'),(1109,'2018-03-19'),(1110,'2018-03-20'),(1111,'2018-03-21'),(1112,'2018-03-22'),(1113,'2018-03-23'),(1114,'2018-03-24'),(1115,'2018-03-25'),(1116,'2018-03-26'),(1117,'2018-03-27'),(1118,'2018-03-28'),(1119,'2018-03-29'),(1120,'2018-03-30'),(1121,'2018-03-31'),(1122,'2018-04-01'),(1123,'2018-04-02'),(1124,'2018-04-03'),(1125,'2018-04-04'),(1126,'2018-04-05'),(1127,'2018-04-06'),(1128,'2018-04-07'),(1129,'2018-04-08'),(1130,'2018-04-09'),(1131,'2018-04-10'),(1132,'2018-04-11'),(1133,'2018-04-12'),(1134,'2018-04-13'),(1135,'2018-04-14'),(1136,'2018-04-15'),(1137,'2018-04-16'),(1138,'2018-04-17'),(1139,'2018-04-18'),(1140,'2018-04-19'),(1141,'2018-04-20'),(1142,'2018-04-21'),(1143,'2018-04-22'),(1144,'2018-04-23'),(1145,'2018-04-24'),(1146,'2018-04-25'),(1147,'2018-04-26'),(1148,'2018-04-27'),(1149,'2018-04-28'),(1150,'2018-04-29'),(1151,'2018-04-30'),(1152,'2018-05-01'),(1153,'2018-05-02'),(1154,'2018-05-03'),(1155,'2018-05-04'),(1156,'2018-05-05'),(1157,'2018-05-06'),(1158,'2018-05-07'),(1159,'2018-05-08'),(1160,'2018-05-09'),(1161,'2018-05-10'),(1162,'2018-05-11'),(1163,'2018-05-12'),(1164,'2018-05-13'),(1165,'2018-05-14'),(1166,'2018-05-15'),(1167,'2018-05-16'),(1168,'2018-05-17'),(1169,'2018-05-18'),(1170,'2018-05-19'),(1171,'2018-05-20'),(1172,'2018-05-21'),(1173,'2018-05-22'),(1174,'2018-05-23'),(1175,'2018-05-24'),(1176,'2018-05-25'),(1177,'2018-05-26'),(1178,'2018-05-27'),(1179,'2018-05-28'),(1180,'2018-05-29'),(1181,'2018-05-30'),(1182,'2018-05-31'),(1183,'2018-06-01'),(1184,'2018-06-02'),(1185,'2018-06-03'),(1186,'2018-06-04'),(1187,'2018-06-05'),(1188,'2018-06-06'),(1189,'2018-06-07'),(1190,'2018-06-08'),(1191,'2018-06-09'),(1192,'2018-06-10'),(1193,'2018-06-11'),(1194,'2018-06-12'),(1195,'2018-06-13'),(1196,'2018-06-14'),(1197,'2018-06-15'),(1198,'2018-06-16'),(1199,'2018-06-17'),(1200,'2018-06-18'),(1201,'2018-06-19'),(1202,'2018-06-20'),(1203,'2018-06-21'),(1204,'2018-06-22'),(1205,'2018-06-23'),(1206,'2018-06-24'),(1207,'2018-06-25'),(1208,'2018-06-26'),(1209,'2018-06-27'),(1210,'2018-06-28'),(1211,'2018-06-29'),(1212,'2018-06-30'),(1213,'2018-07-01'),(1214,'2018-07-02'),(1215,'2018-07-03'),(1216,'2018-07-04'),(1217,'2018-07-05'),(1218,'2018-07-06'),(1219,'2018-07-07'),(1220,'2018-07-08'),(1221,'2018-07-09'),(1222,'2018-07-10'),(1223,'2018-07-11'),(1224,'2018-07-12'),(1225,'2018-07-13'),(1226,'2018-07-14'),(1227,'2018-07-15'),(1228,'2018-07-16'),(1229,'2018-07-17'),(1230,'2018-07-18'),(1231,'2018-07-19'),(1232,'2018-07-20'),(1233,'2018-07-21'),(1234,'2018-07-22'),(1235,'2018-07-23'),(1236,'2018-07-24'),(1237,'2018-07-25'),(1238,'2018-07-26'),(1239,'2018-07-27'),(1240,'2018-07-28'),(1241,'2018-07-29'),(1242,'2018-07-30'),(1243,'2018-07-31'),(1244,'2018-08-01'),(1245,'2018-08-02'),(1246,'2018-08-03'),(1247,'2018-08-04'),(1248,'2018-08-05'),(1249,'2018-08-06'),(1250,'2018-08-07'),(1251,'2018-08-08'),(1252,'2018-08-09'),(1253,'2018-08-10'),(1254,'2018-08-11'),(1255,'2018-08-12'),(1256,'2018-08-13'),(1257,'2018-08-14'),(1258,'2018-08-15'),(1259,'2018-08-16'),(1260,'2018-08-17'),(1261,'2018-08-18'),(1262,'2018-08-19'),(1263,'2018-08-20'),(1264,'2018-08-21'),(1265,'2018-08-22'),(1266,'2018-08-23'),(1267,'2018-08-24'),(1268,'2018-08-25'),(1269,'2018-08-26'),(1270,'2018-08-27'),(1271,'2018-08-28'),(1272,'2018-08-29'),(1273,'2018-08-30'),(1274,'2018-08-31'),(1275,'2018-09-01'),(1276,'2018-09-02'),(1277,'2018-09-03'),(1278,'2018-09-04'),(1279,'2018-09-05'),(1280,'2018-09-06'),(1281,'2018-09-07'),(1282,'2018-09-08'),(1283,'2018-09-09'),(1284,'2018-09-10'),(1285,'2018-09-11'),(1286,'2018-09-12'),(1287,'2018-09-13'),(1288,'2018-09-14'),(1289,'2018-09-15'),(1290,'2018-09-16'),(1291,'2018-09-17'),(1292,'2018-09-18'),(1293,'2018-09-19'),(1294,'2018-09-20'),(1295,'2018-09-21'),(1296,'2018-09-22'),(1297,'2018-09-23'),(1298,'2018-09-24'),(1299,'2018-09-25'),(1300,'2018-09-26'),(1301,'2018-09-27'),(1302,'2018-09-28'),(1303,'2018-09-29'),(1304,'2018-09-30'),(1305,'2018-10-01'),(1306,'2018-10-02'),(1307,'2018-10-03'),(1308,'2018-10-04'),(1309,'2018-10-05'),(1310,'2018-10-06'),(1311,'2018-10-07'),(1312,'2018-10-08'),(1313,'2018-10-09'),(1314,'2018-10-10'),(1315,'2018-10-11'),(1316,'2018-10-12'),(1317,'2018-10-13'),(1318,'2018-10-14'),(1319,'2018-10-15'),(1320,'2018-10-16'),(1321,'2018-10-17'),(1322,'2018-10-18'),(1323,'2018-10-19'),(1324,'2018-10-20'),(1325,'2018-10-21'),(1326,'2018-10-22'),(1327,'2018-10-23'),(1328,'2018-10-24'),(1329,'2018-10-25'),(1330,'2018-10-26'),(1331,'2018-10-27'),(1332,'2018-10-28'),(1333,'2018-10-29'),(1334,'2018-10-30'),(1335,'2018-10-31'),(1336,'2018-11-01'),(1337,'2018-11-02'),(1338,'2018-11-03'),(1339,'2018-11-04'),(1340,'2018-11-05'),(1341,'2018-11-06'),(1342,'2018-11-07'),(1343,'2018-11-08'),(1344,'2018-11-09'),(1345,'2018-11-10'),(1346,'2018-11-11'),(1347,'2018-11-12'),(1348,'2018-11-13'),(1349,'2018-11-14'),(1350,'2018-11-15'),(1351,'2018-11-16'),(1352,'2018-11-17'),(1353,'2018-11-18'),(1354,'2018-11-19'),(1355,'2018-11-20'),(1356,'2018-11-21'),(1357,'2018-11-22'),(1358,'2018-11-23'),(1359,'2018-11-24'),(1360,'2018-11-25'),(1361,'2018-11-26'),(1362,'2018-11-27'),(1363,'2018-11-28'),(1364,'2018-11-29'),(1365,'2018-11-30'),(1366,'2018-12-01'),(1367,'2018-12-02'),(1368,'2018-12-03'),(1369,'2018-12-04'),(1370,'2018-12-05'),(1371,'2018-12-06'),(1372,'2018-12-07'),(1373,'2018-12-08'),(1374,'2018-12-09'),(1375,'2018-12-10'),(1376,'2018-12-11'),(1377,'2018-12-12'),(1378,'2018-12-13'),(1379,'2018-12-14'),(1380,'2018-12-15'),(1381,'2018-12-16'),(1382,'2018-12-17'),(1383,'2018-12-18'),(1384,'2018-12-19'),(1385,'2018-12-20'),(1386,'2018-12-21'),(1387,'2018-12-22'),(1388,'2018-12-23'),(1389,'2018-12-24'),(1390,'2018-12-25'),(1391,'2018-12-26'),(1392,'2018-12-27'),(1393,'2018-12-28'),(1394,'2018-12-29'),(1395,'2018-12-30'),(1396,'2018-12-31'),(1397,'2019-01-01'),(1398,'2019-01-02'),(1399,'2019-01-03'),(1400,'2019-01-04'),(1401,'2019-01-05'),(1402,'2019-01-06'),(1403,'2019-01-07'),(1404,'2019-01-08'),(1405,'2019-01-09'),(1406,'2019-01-10'),(1407,'2019-01-11'),(1408,'2019-01-12'),(1409,'2019-01-13'),(1410,'2019-01-14'),(1411,'2019-01-15'),(1412,'2019-01-16'),(1413,'2019-01-17'),(1414,'2019-01-18'),(1415,'2019-01-19'),(1416,'2019-01-20'),(1417,'2019-01-21'),(1418,'2019-01-22'),(1419,'2019-01-23'),(1420,'2019-01-24'),(1421,'2019-01-25'),(1422,'2019-01-26'),(1423,'2019-01-27'),(1424,'2019-01-28'),(1425,'2019-01-29'),(1426,'2019-01-30'),(1427,'2019-01-31'),(1428,'2019-02-01'),(1429,'2019-02-02'),(1430,'2019-02-03'),(1431,'2019-02-04'),(1432,'2019-02-05'),(1433,'2019-02-06'),(1434,'2019-02-07'),(1435,'2019-02-08'),(1436,'2019-02-09'),(1437,'2019-02-10'),(1438,'2019-02-11'),(1439,'2019-02-12'),(1440,'2019-02-13'),(1441,'2019-02-14'),(1442,'2019-02-15'),(1443,'2019-02-16'),(1444,'2019-02-17'),(1445,'2019-02-18'),(1446,'2019-02-19'),(1447,'2019-02-20'),(1448,'2019-02-21'),(1449,'2019-02-22'),(1450,'2019-02-23'),(1451,'2019-02-24'),(1452,'2019-02-25'),(1453,'2019-02-26'),(1454,'2019-02-27'),(1455,'2019-02-28'),(1456,'2019-03-01'),(1457,'2019-03-02'),(1458,'2019-03-03'),(1459,'2019-03-04'),(1460,'2019-03-05'),(1461,'2019-03-06'),(1462,'2019-03-07'),(1463,'2019-03-08'),(1464,'2019-03-09'),(1465,'2019-03-10'),(1466,'2019-03-11'),(1467,'2019-03-12'),(1468,'2019-03-13'),(1469,'2019-03-14'),(1470,'2019-03-15'),(1471,'2019-03-16'),(1472,'2019-03-17'),(1473,'2019-03-18'),(1474,'2019-03-19'),(1475,'2019-03-20'),(1476,'2019-03-21'),(1477,'2019-03-22'),(1478,'2019-03-23'),(1479,'2019-03-24'),(1480,'2019-03-25'),(1481,'2019-03-26'),(1482,'2019-03-27'),(1483,'2019-03-28'),(1484,'2019-03-29'),(1485,'2019-03-30'),(1486,'2019-03-31'),(1487,'2019-04-01'),(1488,'2019-04-02'),(1489,'2019-04-03'),(1490,'2019-04-04'),(1491,'2019-04-05'),(1492,'2019-04-06'),(1493,'2019-04-07'),(1494,'2019-04-08'),(1495,'2019-04-09'),(1496,'2019-04-10'),(1497,'2019-04-11'),(1498,'2019-04-12'),(1499,'2019-04-13'),(1500,'2019-04-14'),(1501,'2019-04-15'),(1502,'2019-04-16'),(1503,'2019-04-17'),(1504,'2019-04-18'),(1505,'2019-04-19'),(1506,'2019-04-20'),(1507,'2019-04-21'),(1508,'2019-04-22'),(1509,'2019-04-23'),(1510,'2019-04-24'),(1511,'2019-04-25'),(1512,'2019-04-26'),(1513,'2019-04-27'),(1514,'2019-04-28'),(1515,'2019-04-29'),(1516,'2019-04-30'),(1517,'2019-05-01'),(1518,'2019-05-02'),(1519,'2019-05-03'),(1520,'2019-05-04'),(1521,'2019-05-05'),(1522,'2019-05-06'),(1523,'2019-05-07'),(1524,'2019-05-08'),(1525,'2019-05-09'),(1526,'2019-05-10'),(1527,'2019-05-11'),(1528,'2019-05-12'),(1529,'2019-05-13'),(1530,'2019-05-14'),(1531,'2019-05-15'),(1532,'2019-05-16'),(1533,'2019-05-17'),(1534,'2019-05-18'),(1535,'2019-05-19'),(1536,'2019-05-20'),(1537,'2019-05-21'),(1538,'2019-05-22'),(1539,'2019-05-23'),(1540,'2019-05-24'),(1541,'2019-05-25'),(1542,'2019-05-26'),(1543,'2019-05-27'),(1544,'2019-05-28'),(1545,'2019-05-29'),(1546,'2019-05-30'),(1547,'2019-05-31'),(1548,'2019-06-01'),(1549,'2019-06-02'),(1550,'2019-06-03'),(1551,'2019-06-04'),(1552,'2019-06-05'),(1553,'2019-06-06'),(1554,'2019-06-07'),(1555,'2019-06-08'),(1556,'2019-06-09'),(1557,'2019-06-10'),(1558,'2019-06-11'),(1559,'2019-06-12'),(1560,'2019-06-13'),(1561,'2019-06-14'),(1562,'2019-06-15'),(1563,'2019-06-16'),(1564,'2019-06-17'),(1565,'2019-06-18'),(1566,'2019-06-19'),(1567,'2019-06-20'),(1568,'2019-06-21'),(1569,'2019-06-22'),(1570,'2019-06-23'),(1571,'2019-06-24'),(1572,'2019-06-25'),(1573,'2019-06-26'),(1574,'2019-06-27'),(1575,'2019-06-28'),(1576,'2019-06-29'),(1577,'2019-06-30'),(1578,'2019-07-01'),(1579,'2019-07-02'),(1580,'2019-07-03'),(1581,'2019-07-04'),(1582,'2019-07-05'),(1583,'2019-07-06'),(1584,'2019-07-07'),(1585,'2019-07-08'),(1586,'2019-07-09'),(1587,'2019-07-10'),(1588,'2019-07-11'),(1589,'2019-07-12'),(1590,'2019-07-13'),(1591,'2019-07-14'),(1592,'2019-07-15'),(1593,'2019-07-16'),(1594,'2019-07-17'),(1595,'2019-07-18'),(1596,'2019-07-19'),(1597,'2019-07-20'),(1598,'2019-07-21'),(1599,'2019-07-22'),(1600,'2019-07-23'),(1601,'2019-07-24'),(1602,'2019-07-25'),(1603,'2019-07-26'),(1604,'2019-07-27'),(1605,'2019-07-28'),(1606,'2019-07-29'),(1607,'2019-07-30'),(1608,'2019-07-31'),(1609,'2019-08-01'),(1610,'2019-08-02'),(1611,'2019-08-03'),(1612,'2019-08-04'),(1613,'2019-08-05'),(1614,'2019-08-06'),(1615,'2019-08-07'),(1616,'2019-08-08'),(1617,'2019-08-09'),(1618,'2019-08-10'),(1619,'2019-08-11'),(1620,'2019-08-12'),(1621,'2019-08-13'),(1622,'2019-08-14'),(1623,'2019-08-15'),(1624,'2019-08-16'),(1625,'2019-08-17'),(1626,'2019-08-18'),(1627,'2019-08-19'),(1628,'2019-08-20'),(1629,'2019-08-21'),(1630,'2019-08-22'),(1631,'2019-08-23'),(1632,'2019-08-24'),(1633,'2019-08-25'),(1634,'2019-08-26'),(1635,'2019-08-27'),(1636,'2019-08-28'),(1637,'2019-08-29'),(1638,'2019-08-30'),(1639,'2019-08-31'),(1640,'2019-09-01'),(1641,'2019-09-02'),(1642,'2019-09-03'),(1643,'2019-09-04'),(1644,'2019-09-05'),(1645,'2019-09-06'),(1646,'2019-09-07'),(1647,'2019-09-08'),(1648,'2019-09-09'),(1649,'2019-09-10'),(1650,'2019-09-11'),(1651,'2019-09-12'),(1652,'2019-09-13'),(1653,'2019-09-14'),(1654,'2019-09-15'),(1655,'2019-09-16'),(1656,'2019-09-17'),(1657,'2019-09-18'),(1658,'2019-09-19'),(1659,'2019-09-20'),(1660,'2019-09-21'),(1661,'2019-09-22'),(1662,'2019-09-23'),(1663,'2019-09-24'),(1664,'2019-09-25'),(1665,'2019-09-26'),(1666,'2019-09-27'),(1667,'2019-09-28'),(1668,'2019-09-29'),(1669,'2019-09-30'),(1670,'2019-10-01'),(1671,'2019-10-02'),(1672,'2019-10-03'),(1673,'2019-10-04'),(1674,'2019-10-05'),(1675,'2019-10-06'),(1676,'2019-10-07'),(1677,'2019-10-08'),(1678,'2019-10-09'),(1679,'2019-10-10'),(1680,'2019-10-11'),(1681,'2019-10-12'),(1682,'2019-10-13'),(1683,'2019-10-14'),(1684,'2019-10-15'),(1685,'2019-10-16'),(1686,'2019-10-17'),(1687,'2019-10-18'),(1688,'2019-10-19'),(1689,'2019-10-20'),(1690,'2019-10-21'),(1691,'2019-10-22'),(1692,'2019-10-23'),(1693,'2019-10-24'),(1694,'2019-10-25'),(1695,'2019-10-26'),(1696,'2019-10-27'),(1697,'2019-10-28'),(1698,'2019-10-29'),(1699,'2019-10-30'),(1700,'2019-10-31'),(1701,'2019-11-01'),(1702,'2019-11-02'),(1703,'2019-11-03'),(1704,'2019-11-04'),(1705,'2019-11-05'),(1706,'2019-11-06'),(1707,'2019-11-07'),(1708,'2019-11-08'),(1709,'2019-11-09'),(1710,'2019-11-10'),(1711,'2019-11-11'),(1712,'2019-11-12'),(1713,'2019-11-13'),(1714,'2019-11-14'),(1715,'2019-11-15'),(1716,'2019-11-16'),(1717,'2019-11-17'),(1718,'2019-11-18'),(1719,'2019-11-19'),(1720,'2019-11-20'),(1721,'2019-11-21'),(1722,'2019-11-22'),(1723,'2019-11-23'),(1724,'2019-11-24'),(1725,'2019-11-25'),(1726,'2019-11-26'),(1727,'2019-11-27'),(1728,'2019-11-28'),(1729,'2019-11-29'),(1730,'2019-11-30'),(1731,'2019-12-01'),(1732,'2019-12-02'),(1733,'2019-12-03'),(1734,'2019-12-04'),(1735,'2019-12-05'),(1736,'2019-12-06'),(1737,'2019-12-07'),(1738,'2019-12-08'),(1739,'2019-12-09'),(1740,'2019-12-10'),(1741,'2019-12-11'),(1742,'2019-12-12'),(1743,'2019-12-13'),(1744,'2019-12-14'),(1745,'2019-12-15'),(1746,'2019-12-16'),(1747,'2019-12-17'),(1748,'2019-12-18'),(1749,'2019-12-19'),(1750,'2019-12-20'),(1751,'2019-12-21'),(1752,'2019-12-22'),(1753,'2019-12-23'),(1754,'2019-12-24'),(1755,'2019-12-25'),(1756,'2019-12-26'),(1757,'2019-12-27'),(1758,'2019-12-28'),(1759,'2019-12-29'),(1760,'2019-12-30'),(1761,'2019-12-31'),(1762,'2020-01-01'),(1763,'2020-01-02'),(1764,'2020-01-03'),(1765,'2020-01-04'),(1766,'2020-01-05'),(1767,'2020-01-06'),(1768,'2020-01-07'),(1769,'2020-01-08'),(1770,'2020-01-09'),(1771,'2020-01-10'),(1772,'2020-01-11'),(1773,'2020-01-12'),(1774,'2020-01-13'),(1775,'2020-01-14'),(1776,'2020-01-15'),(1777,'2020-01-16'),(1778,'2020-01-17'),(1779,'2020-01-18'),(1780,'2020-01-19'),(1781,'2020-01-20'),(1782,'2020-01-21'),(1783,'2020-01-22'),(1784,'2020-01-23'),(1785,'2020-01-24'),(1786,'2020-01-25'),(1787,'2020-01-26'),(1788,'2020-01-27'),(1789,'2020-01-28'),(1790,'2020-01-29'),(1791,'2020-01-30'),(1792,'2020-01-31'),(1793,'2020-02-01'),(1794,'2020-02-02'),(1795,'2020-02-03'),(1796,'2020-02-04'),(1797,'2020-02-05'),(1798,'2020-02-06'),(1799,'2020-02-07'),(1800,'2020-02-08'),(1801,'2020-02-09'),(1802,'2020-02-10'),(1803,'2020-02-11'),(1804,'2020-02-12'),(1805,'2020-02-13'),(1806,'2020-02-14'),(1807,'2020-02-15'),(1808,'2020-02-16'),(1809,'2020-02-17'),(1810,'2020-02-18'),(1811,'2020-02-19'),(1812,'2020-02-20'),(1813,'2020-02-21'),(1814,'2020-02-22'),(1815,'2020-02-23'),(1816,'2020-02-24'),(1817,'2020-02-25'),(1818,'2020-02-26'),(1819,'2020-02-27'),(1820,'2020-02-28'),(1821,'2020-02-29'),(1822,'2020-03-01'),(1823,'2020-03-02'),(1824,'2020-03-03'),(1825,'2020-03-04'),(1826,'2020-03-05'),(1827,'2020-03-06'),(1828,'2020-03-07'),(1829,'2020-03-08'),(1830,'2020-03-09'),(1831,'2020-03-10'),(1832,'2020-03-11'),(1833,'2020-03-12'),(1834,'2020-03-13'),(1835,'2020-03-14'),(1836,'2020-03-15'),(1837,'2020-03-16'),(1838,'2020-03-17'),(1839,'2020-03-18'),(1840,'2020-03-19'),(1841,'2020-03-20'),(1842,'2020-03-21'),(1843,'2020-03-22'),(1844,'2020-03-23'),(1845,'2020-03-24'),(1846,'2020-03-25'),(1847,'2020-03-26'),(1848,'2020-03-27'),(1849,'2020-03-28'),(1850,'2020-03-29'),(1851,'2020-03-30'),(1852,'2020-03-31'),(1853,'2020-04-01'),(1854,'2020-04-02'),(1855,'2020-04-03'),(1856,'2020-04-04'),(1857,'2020-04-05'),(1858,'2020-04-06'),(1859,'2020-04-07'),(1860,'2020-04-08'),(1861,'2020-04-09'),(1862,'2020-04-10'),(1863,'2020-04-11'),(1864,'2020-04-12'),(1865,'2020-04-13'),(1866,'2020-04-14'),(1867,'2020-04-15'),(1868,'2020-04-16'),(1869,'2020-04-17'),(1870,'2020-04-18'),(1871,'2020-04-19'),(1872,'2020-04-20'),(1873,'2020-04-21'),(1874,'2020-04-22'),(1875,'2020-04-23'),(1876,'2020-04-24'),(1877,'2020-04-25'),(1878,'2020-04-26'),(1879,'2020-04-27'),(1880,'2020-04-28'),(1881,'2020-04-29'),(1882,'2020-04-30'),(1883,'2020-05-01'),(1884,'2020-05-02'),(1885,'2020-05-03'),(1886,'2020-05-04'),(1887,'2020-05-05'),(1888,'2020-05-06'),(1889,'2020-05-07'),(1890,'2020-05-08'),(1891,'2020-05-09'),(1892,'2020-05-10'),(1893,'2020-05-11'),(1894,'2020-05-12'),(1895,'2020-05-13'),(1896,'2020-05-14'),(1897,'2020-05-15'),(1898,'2020-05-16'),(1899,'2020-05-17'),(1900,'2020-05-18'),(1901,'2020-05-19'),(1902,'2020-05-20'),(1903,'2020-05-21'),(1904,'2020-05-22'),(1905,'2020-05-23'),(1906,'2020-05-24'),(1907,'2020-05-25'),(1908,'2020-05-26'),(1909,'2020-05-27'),(1910,'2020-05-28'),(1911,'2020-05-29'),(1912,'2020-05-30'),(1913,'2020-05-31'),(1914,'2020-06-01'),(1915,'2020-06-02'),(1916,'2020-06-03'),(1917,'2020-06-04'),(1918,'2020-06-05'),(1919,'2020-06-06'),(1920,'2020-06-07'),(1921,'2020-06-08'),(1922,'2020-06-09'),(1923,'2020-06-10'),(1924,'2020-06-11'),(1925,'2020-06-12'),(1926,'2020-06-13'),(1927,'2020-06-14'),(1928,'2020-06-15'),(1929,'2020-06-16'),(1930,'2020-06-17'),(1931,'2020-06-18'),(1932,'2020-06-19'),(1933,'2020-06-20'),(1934,'2020-06-21'),(1935,'2020-06-22'),(1936,'2020-06-23'),(1937,'2020-06-24'),(1938,'2020-06-25'),(1939,'2020-06-26'),(1940,'2020-06-27'),(1941,'2020-06-28'),(1942,'2020-06-29'),(1943,'2020-06-30'),(1944,'2020-07-01'),(1945,'2020-07-02'),(1946,'2020-07-03'),(1947,'2020-07-04'),(1948,'2020-07-05'),(1949,'2020-07-06'),(1950,'2020-07-07'),(1951,'2020-07-08'),(1952,'2020-07-09'),(1953,'2020-07-10'),(1954,'2020-07-11'),(1955,'2020-07-12'),(1956,'2020-07-13'),(1957,'2020-07-14'),(1958,'2020-07-15'),(1959,'2020-07-16'),(1960,'2020-07-17'),(1961,'2020-07-18'),(1962,'2020-07-19'),(1963,'2020-07-20'),(1964,'2020-07-21'),(1965,'2020-07-22'),(1966,'2020-07-23'),(1967,'2020-07-24'),(1968,'2020-07-25'),(1969,'2020-07-26'),(1970,'2020-07-27'),(1971,'2020-07-28'),(1972,'2020-07-29'),(1973,'2020-07-30'),(1974,'2020-07-31'),(1975,'2020-08-01'),(1976,'2020-08-02'),(1977,'2020-08-03'),(1978,'2020-08-04'),(1979,'2020-08-05'),(1980,'2020-08-06'),(1981,'2020-08-07'),(1982,'2020-08-08'),(1983,'2020-08-09'),(1984,'2020-08-10'),(1985,'2020-08-11'),(1986,'2020-08-12'),(1987,'2020-08-13'),(1988,'2020-08-14'),(1989,'2020-08-15'),(1990,'2020-08-16'),(1991,'2020-08-17'),(1992,'2020-08-18'),(1993,'2020-08-19'),(1994,'2020-08-20'),(1995,'2020-08-21'),(1996,'2020-08-22'),(1997,'2020-08-23'),(1998,'2020-08-24'),(1999,'2020-08-25'),(2000,'2020-08-26'),(2001,'2020-08-27'),(2002,'2020-08-28'),(2003,'2020-08-29'),(2004,'2020-08-30'),(2005,'2020-08-31'),(2006,'2020-09-01'),(2007,'2020-09-02'),(2008,'2020-09-03'),(2009,'2020-09-04'),(2010,'2020-09-05'),(2011,'2020-09-06'),(2012,'2020-09-07'),(2013,'2020-09-08'),(2014,'2020-09-09'),(2015,'2020-09-10'),(2016,'2020-09-11'),(2017,'2020-09-12'),(2018,'2020-09-13'),(2019,'2020-09-14'),(2020,'2020-09-15'),(2021,'2020-09-16'),(2022,'2020-09-17'),(2023,'2020-09-18'),(2024,'2020-09-19'),(2025,'2020-09-20'),(2026,'2020-09-21'),(2027,'2020-09-22'),(2028,'2020-09-23'),(2029,'2020-09-24'),(2030,'2020-09-25'),(2031,'2020-09-26'),(2032,'2020-09-27'),(2033,'2020-09-28'),(2034,'2020-09-29'),(2035,'2020-09-30'),(2036,'2020-10-01'),(2037,'2020-10-02'),(2038,'2020-10-03'),(2039,'2020-10-04'),(2040,'2020-10-05'),(2041,'2020-10-06'),(2042,'2020-10-07'),(2043,'2020-10-08'),(2044,'2020-10-09'),(2045,'2020-10-10'),(2046,'2020-10-11'),(2047,'2020-10-12'),(2048,'2020-10-13'),(2049,'2020-10-14'),(2050,'2020-10-15'),(2051,'2020-10-16'),(2052,'2020-10-17'),(2053,'2020-10-18'),(2054,'2020-10-19'),(2055,'2020-10-20'),(2056,'2020-10-21'),(2057,'2020-10-22'),(2058,'2020-10-23'),(2059,'2020-10-24'),(2060,'2020-10-25'),(2061,'2020-10-26'),(2062,'2020-10-27'),(2063,'2020-10-28'),(2064,'2020-10-29'),(2065,'2020-10-30'),(2066,'2020-10-31'),(2067,'2020-11-01'),(2068,'2020-11-02'),(2069,'2020-11-03'),(2070,'2020-11-04'),(2071,'2020-11-05'),(2072,'2020-11-06'),(2073,'2020-11-07'),(2074,'2020-11-08'),(2075,'2020-11-09'),(2076,'2020-11-10'),(2077,'2020-11-11'),(2078,'2020-11-12'),(2079,'2020-11-13'),(2080,'2020-11-14'),(2081,'2020-11-15'),(2082,'2020-11-16'),(2083,'2020-11-17'),(2084,'2020-11-18'),(2085,'2020-11-19'),(2086,'2020-11-20'),(2087,'2020-11-21'),(2088,'2020-11-22'),(2089,'2020-11-23'),(2090,'2020-11-24'),(2091,'2020-11-25'),(2092,'2020-11-26'),(2093,'2020-11-27'),(2094,'2020-11-28'),(2095,'2020-11-29'),(2096,'2020-11-30'),(2097,'2020-12-01'),(2098,'2020-12-02'),(2099,'2020-12-03'),(2100,'2020-12-04'),(2101,'2020-12-05'),(2102,'2020-12-06'),(2103,'2020-12-07'),(2104,'2020-12-08'),(2105,'2020-12-09'),(2106,'2020-12-10'),(2107,'2020-12-11'),(2108,'2020-12-12'),(2109,'2020-12-13'),(2110,'2020-12-14'),(2111,'2020-12-15'),(2112,'2020-12-16'),(2113,'2020-12-17'),(2114,'2020-12-18'),(2115,'2020-12-19'),(2116,'2020-12-20'),(2117,'2020-12-21'),(2118,'2020-12-22'),(2119,'2020-12-23'),(2120,'2020-12-24'),(2121,'2020-12-25'),(2122,'2020-12-26'),(2123,'2020-12-27'),(2124,'2020-12-28'),(2125,'2020-12-29'),(2126,'2020-12-30'),(2127,'2020-12-31'),(2128,'2021-01-01'),(2129,'2021-01-02'),(2130,'2021-01-03'),(2131,'2021-01-04'),(2132,'2021-01-05'),(2133,'2021-01-06'),(2134,'2021-01-07'),(2135,'2021-01-08'),(2136,'2021-01-09'),(2137,'2021-01-10'),(2138,'2021-01-11'),(2139,'2021-01-12'),(2140,'2021-01-13'),(2141,'2021-01-14'),(2142,'2021-01-15'),(2143,'2021-01-16'),(2144,'2021-01-17'),(2145,'2021-01-18'),(2146,'2021-01-19'),(2147,'2021-01-20'),(2148,'2021-01-21'),(2149,'2021-01-22'),(2150,'2021-01-23'),(2151,'2021-01-24'),(2152,'2021-01-25'),(2153,'2021-01-26'),(2154,'2021-01-27'),(2155,'2021-01-28'),(2156,'2021-01-29'),(2157,'2021-01-30'),(2158,'2021-01-31'),(2159,'2021-02-01'),(2160,'2021-02-02'),(2161,'2021-02-03'),(2162,'2021-02-04'),(2163,'2021-02-05'),(2164,'2021-02-06'),(2165,'2021-02-07'),(2166,'2021-02-08'),(2167,'2021-02-09'),(2168,'2021-02-10'),(2169,'2021-02-11'),(2170,'2021-02-12'),(2171,'2021-02-13'),(2172,'2021-02-14'),(2173,'2021-02-15'),(2174,'2021-02-16'),(2175,'2021-02-17'),(2176,'2021-02-18'),(2177,'2021-02-19'),(2178,'2021-02-20'),(2179,'2021-02-21'),(2180,'2021-02-22'),(2181,'2021-02-23'),(2182,'2021-02-24'),(2183,'2021-02-25'),(2184,'2021-02-26'),(2185,'2021-02-27'),(2186,'2021-02-28'),(2187,'2021-03-01'),(2188,'2021-03-02'),(2189,'2021-03-03'),(2190,'2021-03-04'),(2191,'2021-03-05'),(2192,'2021-03-06'),(2193,'2021-03-07'),(2194,'2021-03-08'),(2195,'2021-03-09'),(2196,'2021-03-10'),(2197,'2021-03-11'),(2198,'2021-03-12'),(2199,'2021-03-13'),(2200,'2021-03-14'),(2201,'2021-03-15'),(2202,'2021-03-16'),(2203,'2021-03-17'),(2204,'2021-03-18'),(2205,'2021-03-19'),(2206,'2021-03-20'),(2207,'2021-03-21'),(2208,'2021-03-22'),(2209,'2021-03-23'),(2210,'2021-03-24'),(2211,'2021-03-25'),(2212,'2021-03-26'),(2213,'2021-03-27'),(2214,'2021-03-28'),(2215,'2021-03-29'),(2216,'2021-03-30'),(2217,'2021-03-31'),(2218,'2021-04-01'),(2219,'2021-04-02'),(2220,'2021-04-03'),(2221,'2021-04-04'),(2222,'2021-04-05'),(2223,'2021-04-06'),(2224,'2021-04-07'),(2225,'2021-04-08'),(2226,'2021-04-09'),(2227,'2021-04-10'),(2228,'2021-04-11'),(2229,'2021-04-12'),(2230,'2021-04-13'),(2231,'2021-04-14'),(2232,'2021-04-15'),(2233,'2021-04-16'),(2234,'2021-04-17'),(2235,'2021-04-18'),(2236,'2021-04-19'),(2237,'2021-04-20'),(2238,'2021-04-21'),(2239,'2021-04-22'),(2240,'2021-04-23'),(2241,'2021-04-24'),(2242,'2021-04-25'),(2243,'2021-04-26'),(2244,'2021-04-27'),(2245,'2021-04-28'),(2246,'2021-04-29'),(2247,'2021-04-30'),(2248,'2021-05-01'),(2249,'2021-05-02'),(2250,'2021-05-03'),(2251,'2021-05-04'),(2252,'2021-05-05'),(2253,'2021-05-06'),(2254,'2021-05-07'),(2255,'2021-05-08'),(2256,'2021-05-09'),(2257,'2021-05-10'),(2258,'2021-05-11'),(2259,'2021-05-12'),(2260,'2021-05-13'),(2261,'2021-05-14'),(2262,'2021-05-15'),(2263,'2021-05-16'),(2264,'2021-05-17'),(2265,'2021-05-18'),(2266,'2021-05-19'),(2267,'2021-05-20'),(2268,'2021-05-21'),(2269,'2021-05-22'),(2270,'2021-05-23'),(2271,'2021-05-24'),(2272,'2021-05-25'),(2273,'2021-05-26'),(2274,'2021-05-27'),(2275,'2021-05-28'),(2276,'2021-05-29'),(2277,'2021-05-30'),(2278,'2021-05-31'),(2279,'2021-06-01'),(2280,'2021-06-02'),(2281,'2021-06-03'),(2282,'2021-06-04'),(2283,'2021-06-05'),(2284,'2021-06-06'),(2285,'2021-06-07'),(2286,'2021-06-08'),(2287,'2021-06-09'),(2288,'2021-06-10'),(2289,'2021-06-11'),(2290,'2021-06-12'),(2291,'2021-06-13'),(2292,'2021-06-14'),(2293,'2021-06-15'),(2294,'2021-06-16'),(2295,'2021-06-17'),(2296,'2021-06-18'),(2297,'2021-06-19'),(2298,'2021-06-20'),(2299,'2021-06-21'),(2300,'2021-06-22'),(2301,'2021-06-23'),(2302,'2021-06-24'),(2303,'2021-06-25'),(2304,'2021-06-26'),(2305,'2021-06-27'),(2306,'2021-06-28'),(2307,'2021-06-29'),(2308,'2021-06-30'),(2309,'2021-07-01'),(2310,'2021-07-02'),(2311,'2021-07-03'),(2312,'2021-07-04'),(2313,'2021-07-05'),(2314,'2021-07-06'),(2315,'2021-07-07'),(2316,'2021-07-08'),(2317,'2021-07-09'),(2318,'2021-07-10'),(2319,'2021-07-11'),(2320,'2021-07-12'),(2321,'2021-07-13'),(2322,'2021-07-14'),(2323,'2021-07-15'),(2324,'2021-07-16'),(2325,'2021-07-17'),(2326,'2021-07-18'),(2327,'2021-07-19'),(2328,'2021-07-20'),(2329,'2021-07-21'),(2330,'2021-07-22'),(2331,'2021-07-23'),(2332,'2021-07-24'),(2333,'2021-07-25'),(2334,'2021-07-26'),(2335,'2021-07-27'),(2336,'2021-07-28'),(2337,'2021-07-29'),(2338,'2021-07-30'),(2339,'2021-07-31'),(2340,'2021-08-01'),(2341,'2021-08-02'),(2342,'2021-08-03'),(2343,'2021-08-04'),(2344,'2021-08-05'),(2345,'2021-08-06'),(2346,'2021-08-07'),(2347,'2021-08-08'),(2348,'2021-08-09'),(2349,'2021-08-10'),(2350,'2021-08-11'),(2351,'2021-08-12'),(2352,'2021-08-13'),(2353,'2021-08-14'),(2354,'2021-08-15'),(2355,'2021-08-16'),(2356,'2021-08-17'),(2357,'2021-08-18'),(2358,'2021-08-19'),(2359,'2021-08-20'),(2360,'2021-08-21'),(2361,'2021-08-22'),(2362,'2021-08-23'),(2363,'2021-08-24'),(2364,'2021-08-25'),(2365,'2021-08-26'),(2366,'2021-08-27'),(2367,'2021-08-28'),(2368,'2021-08-29'),(2369,'2021-08-30'),(2370,'2021-08-31'),(2371,'2021-09-01'),(2372,'2021-09-02'),(2373,'2021-09-03'),(2374,'2021-09-04'),(2375,'2021-09-05'),(2376,'2021-09-06'),(2377,'2021-09-07'),(2378,'2021-09-08'),(2379,'2021-09-09'),(2380,'2021-09-10'),(2381,'2021-09-11'),(2382,'2021-09-12'),(2383,'2021-09-13'),(2384,'2021-09-14'),(2385,'2021-09-15'),(2386,'2021-09-16'),(2387,'2021-09-17'),(2388,'2021-09-18'),(2389,'2021-09-19'),(2390,'2021-09-20'),(2391,'2021-09-21'),(2392,'2021-09-22'),(2393,'2021-09-23'),(2394,'2021-09-24'),(2395,'2021-09-25'),(2396,'2021-09-26'),(2397,'2021-09-27'),(2398,'2021-09-28'),(2399,'2021-09-29'),(2400,'2021-09-30'),(2401,'2021-10-01'),(2402,'2021-10-02'),(2403,'2021-10-03'),(2404,'2021-10-04'),(2405,'2021-10-05'),(2406,'2021-10-06'),(2407,'2021-10-07'),(2408,'2021-10-08'),(2409,'2021-10-09'),(2410,'2021-10-10'),(2411,'2021-10-11'),(2412,'2021-10-12'),(2413,'2021-10-13'),(2414,'2021-10-14'),(2415,'2021-10-15'),(2416,'2021-10-16'),(2417,'2021-10-17'),(2418,'2021-10-18'),(2419,'2021-10-19'),(2420,'2021-10-20'),(2421,'2021-10-21'),(2422,'2021-10-22'),(2423,'2021-10-23'),(2424,'2021-10-24'),(2425,'2021-10-25'),(2426,'2021-10-26'),(2427,'2021-10-27'),(2428,'2021-10-28'),(2429,'2021-10-29'),(2430,'2021-10-30'),(2431,'2021-10-31'),(2432,'2021-11-01'),(2433,'2021-11-02'),(2434,'2021-11-03'),(2435,'2021-11-04'),(2436,'2021-11-05'),(2437,'2021-11-06'),(2438,'2021-11-07'),(2439,'2021-11-08'),(2440,'2021-11-09'),(2441,'2021-11-10'),(2442,'2021-11-11'),(2443,'2021-11-12'),(2444,'2021-11-13'),(2445,'2021-11-14'),(2446,'2021-11-15'),(2447,'2021-11-16'),(2448,'2021-11-17'),(2449,'2021-11-18'),(2450,'2021-11-19'),(2451,'2021-11-20'),(2452,'2021-11-21'),(2453,'2021-11-22'),(2454,'2021-11-23'),(2455,'2021-11-24'),(2456,'2021-11-25'),(2457,'2021-11-26'),(2458,'2021-11-27'),(2459,'2021-11-28'),(2460,'2021-11-29'),(2461,'2021-11-30'),(2462,'2021-12-01'),(2463,'2021-12-02'),(2464,'2021-12-03'),(2465,'2021-12-04'),(2466,'2021-12-05'),(2467,'2021-12-06'),(2468,'2021-12-07'),(2469,'2021-12-08'),(2470,'2021-12-09'),(2471,'2021-12-10'),(2472,'2021-12-11'),(2473,'2021-12-12'),(2474,'2021-12-13'),(2475,'2021-12-14'),(2476,'2021-12-15'),(2477,'2021-12-16'),(2478,'2021-12-17'),(2479,'2021-12-18'),(2480,'2021-12-19'),(2481,'2021-12-20'),(2482,'2021-12-21'),(2483,'2021-12-22'),(2484,'2021-12-23'),(2485,'2021-12-24'),(2486,'2021-12-25'),(2487,'2021-12-26'),(2488,'2021-12-27'),(2489,'2021-12-28'),(2490,'2021-12-29'),(2491,'2021-12-30'),(2492,'2021-12-31'),(2493,'2022-01-01'),(2494,'2022-01-02'),(2495,'2022-01-03'),(2496,'2022-01-04'),(2497,'2022-01-05'),(2498,'2022-01-06'),(2499,'2022-01-07'),(2500,'2022-01-08'),(2501,'2022-01-09'),(2502,'2022-01-10'),(2503,'2022-01-11'),(2504,'2022-01-12'),(2505,'2022-01-13'),(2506,'2022-01-14'),(2507,'2022-01-15'),(2508,'2022-01-16'),(2509,'2022-01-17'),(2510,'2022-01-18'),(2511,'2022-01-19'),(2512,'2022-01-20'),(2513,'2022-01-21'),(2514,'2022-01-22'),(2515,'2022-01-23'),(2516,'2022-01-24'),(2517,'2022-01-25'),(2518,'2022-01-26'),(2519,'2022-01-27'),(2520,'2022-01-28'),(2521,'2022-01-29'),(2522,'2022-01-30'),(2523,'2022-01-31'),(2524,'2022-02-01'),(2525,'2022-02-02'),(2526,'2022-02-03'),(2527,'2022-02-04'),(2528,'2022-02-05'),(2529,'2022-02-06'),(2530,'2022-02-07'),(2531,'2022-02-08'),(2532,'2022-02-09'),(2533,'2022-02-10'),(2534,'2022-02-11'),(2535,'2022-02-12'),(2536,'2022-02-13'),(2537,'2022-02-14'),(2538,'2022-02-15'),(2539,'2022-02-16'),(2540,'2022-02-17'),(2541,'2022-02-18'),(2542,'2022-02-19'),(2543,'2022-02-20'),(2544,'2022-02-21'),(2545,'2022-02-22'),(2546,'2022-02-23'),(2547,'2022-02-24'),(2548,'2022-02-25'),(2549,'2022-02-26'),(2550,'2022-02-27'),(2551,'2022-02-28'),(2552,'2022-03-01'),(2553,'2022-03-02'),(2554,'2022-03-03'),(2555,'2022-03-04'),(2556,'2022-03-05'),(2557,'2022-03-06'),(2558,'2022-03-07'),(2559,'2022-03-08'),(2560,'2022-03-09'),(2561,'2022-03-10'),(2562,'2022-03-11'),(2563,'2022-03-12'),(2564,'2022-03-13'),(2565,'2022-03-14'),(2566,'2022-03-15'),(2567,'2022-03-16'),(2568,'2022-03-17'),(2569,'2022-03-18'),(2570,'2022-03-19'),(2571,'2022-03-20'),(2572,'2022-03-21'),(2573,'2022-03-22'),(2574,'2022-03-23'),(2575,'2022-03-24'),(2576,'2022-03-25'),(2577,'2022-03-26'),(2578,'2022-03-27'),(2579,'2022-03-28'),(2580,'2022-03-29'),(2581,'2022-03-30'),(2582,'2022-03-31'),(2583,'2022-04-01'),(2584,'2022-04-02'),(2585,'2022-04-03'),(2586,'2022-04-04'),(2587,'2022-04-05'),(2588,'2022-04-06'),(2589,'2022-04-07'),(2590,'2022-04-08'),(2591,'2022-04-09'),(2592,'2022-04-10'),(2593,'2022-04-11'),(2594,'2022-04-12'),(2595,'2022-04-13'),(2596,'2022-04-14'),(2597,'2022-04-15'),(2598,'2022-04-16'),(2599,'2022-04-17'),(2600,'2022-04-18'),(2601,'2022-04-19'),(2602,'2022-04-20'),(2603,'2022-04-21'),(2604,'2022-04-22'),(2605,'2022-04-23'),(2606,'2022-04-24'),(2607,'2022-04-25'),(2608,'2022-04-26'),(2609,'2022-04-27'),(2610,'2022-04-28'),(2611,'2022-04-29'),(2612,'2022-04-30'),(2613,'2022-05-01'),(2614,'2022-05-02'),(2615,'2022-05-03'),(2616,'2022-05-04'),(2617,'2022-05-05'),(2618,'2022-05-06'),(2619,'2022-05-07'),(2620,'2022-05-08'),(2621,'2022-05-09'),(2622,'2022-05-10'),(2623,'2022-05-11'),(2624,'2022-05-12'),(2625,'2022-05-13'),(2626,'2022-05-14'),(2627,'2022-05-15'),(2628,'2022-05-16'),(2629,'2022-05-17'),(2630,'2022-05-18'),(2631,'2022-05-19'),(2632,'2022-05-20'),(2633,'2022-05-21'),(2634,'2022-05-22'),(2635,'2022-05-23'),(2636,'2022-05-24'),(2637,'2022-05-25'),(2638,'2022-05-26'),(2639,'2022-05-27'),(2640,'2022-05-28'),(2641,'2022-05-29'),(2642,'2022-05-30'),(2643,'2022-05-31'),(2644,'2022-06-01'),(2645,'2022-06-02'),(2646,'2022-06-03'),(2647,'2022-06-04'),(2648,'2022-06-05'),(2649,'2022-06-06'),(2650,'2022-06-07'),(2651,'2022-06-08'),(2652,'2022-06-09'),(2653,'2022-06-10'),(2654,'2022-06-11'),(2655,'2022-06-12'),(2656,'2022-06-13'),(2657,'2022-06-14'),(2658,'2022-06-15'),(2659,'2022-06-16'),(2660,'2022-06-17'),(2661,'2022-06-18'),(2662,'2022-06-19'),(2663,'2022-06-20'),(2664,'2022-06-21'),(2665,'2022-06-22'),(2666,'2022-06-23'),(2667,'2022-06-24'),(2668,'2022-06-25'),(2669,'2022-06-26'),(2670,'2022-06-27'),(2671,'2022-06-28'),(2672,'2022-06-29'),(2673,'2022-06-30'),(2674,'2022-07-01'),(2675,'2022-07-02'),(2676,'2022-07-03'),(2677,'2022-07-04'),(2678,'2022-07-05'),(2679,'2022-07-06'),(2680,'2022-07-07'),(2681,'2022-07-08'),(2682,'2022-07-09'),(2683,'2022-07-10'),(2684,'2022-07-11'),(2685,'2022-07-12'),(2686,'2022-07-13'),(2687,'2022-07-14'),(2688,'2022-07-15'),(2689,'2022-07-16'),(2690,'2022-07-17'),(2691,'2022-07-18'),(2692,'2022-07-19'),(2693,'2022-07-20'),(2694,'2022-07-21'),(2695,'2022-07-22'),(2696,'2022-07-23'),(2697,'2022-07-24'),(2698,'2022-07-25'),(2699,'2022-07-26'),(2700,'2022-07-27'),(2701,'2022-07-28'),(2702,'2022-07-29'),(2703,'2022-07-30'),(2704,'2022-07-31'),(2705,'2022-08-01'),(2706,'2022-08-02'),(2707,'2022-08-03'),(2708,'2022-08-04'),(2709,'2022-08-05'),(2710,'2022-08-06'),(2711,'2022-08-07'),(2712,'2022-08-08'),(2713,'2022-08-09'),(2714,'2022-08-10'),(2715,'2022-08-11'),(2716,'2022-08-12'),(2717,'2022-08-13'),(2718,'2022-08-14'),(2719,'2022-08-15'),(2720,'2022-08-16'),(2721,'2022-08-17'),(2722,'2022-08-18'),(2723,'2022-08-19'),(2724,'2022-08-20'),(2725,'2022-08-21'),(2726,'2022-08-22'),(2727,'2022-08-23'),(2728,'2022-08-24'),(2729,'2022-08-25'),(2730,'2022-08-26'),(2731,'2022-08-27'),(2732,'2022-08-28'),(2733,'2022-08-29'),(2734,'2022-08-30'),(2735,'2022-08-31'),(2736,'2022-09-01'),(2737,'2022-09-02'),(2738,'2022-09-03'),(2739,'2022-09-04'),(2740,'2022-09-05'),(2741,'2022-09-06'),(2742,'2022-09-07'),(2743,'2022-09-08'),(2744,'2022-09-09'),(2745,'2022-09-10'),(2746,'2022-09-11'),(2747,'2022-09-12'),(2748,'2022-09-13'),(2749,'2022-09-14'),(2750,'2022-09-15'),(2751,'2022-09-16'),(2752,'2022-09-17'),(2753,'2022-09-18'),(2754,'2022-09-19'),(2755,'2022-09-20'),(2756,'2022-09-21'),(2757,'2022-09-22'),(2758,'2022-09-23'),(2759,'2022-09-24'),(2760,'2022-09-25'),(2761,'2022-09-26'),(2762,'2022-09-27'),(2763,'2022-09-28'),(2764,'2022-09-29'),(2765,'2022-09-30'),(2766,'2022-10-01'),(2767,'2022-10-02'),(2768,'2022-10-03'),(2769,'2022-10-04'),(2770,'2022-10-05'),(2771,'2022-10-06'),(2772,'2022-10-07'),(2773,'2022-10-08'),(2774,'2022-10-09'),(2775,'2022-10-10'),(2776,'2022-10-11'),(2777,'2022-10-12'),(2778,'2022-10-13'),(2779,'2022-10-14'),(2780,'2022-10-15'),(2781,'2022-10-16'),(2782,'2022-10-17'),(2783,'2022-10-18'),(2784,'2022-10-19'),(2785,'2022-10-20'),(2786,'2022-10-21'),(2787,'2022-10-22'),(2788,'2022-10-23'),(2789,'2022-10-24'),(2790,'2022-10-25'),(2791,'2022-10-26'),(2792,'2022-10-27'),(2793,'2022-10-28'),(2794,'2022-10-29'),(2795,'2022-10-30'),(2796,'2022-10-31'),(2797,'2022-11-01'),(2798,'2022-11-02'),(2799,'2022-11-03'),(2800,'2022-11-04'),(2801,'2022-11-05'),(2802,'2022-11-06'),(2803,'2022-11-07'),(2804,'2022-11-08'),(2805,'2022-11-09'),(2806,'2022-11-10'),(2807,'2022-11-11'),(2808,'2022-11-12'),(2809,'2022-11-13'),(2810,'2022-11-14'),(2811,'2022-11-15'),(2812,'2022-11-16'),(2813,'2022-11-17'),(2814,'2022-11-18'),(2815,'2022-11-19'),(2816,'2022-11-20'),(2817,'2022-11-21'),(2818,'2022-11-22'),(2819,'2022-11-23'),(2820,'2022-11-24'),(2821,'2022-11-25'),(2822,'2022-11-26'),(2823,'2022-11-27'),(2824,'2022-11-28'),(2825,'2022-11-29'),(2826,'2022-11-30'),(2827,'2022-12-01'),(2828,'2022-12-02'),(2829,'2022-12-03'),(2830,'2022-12-04'),(2831,'2022-12-05'),(2832,'2022-12-06'),(2833,'2022-12-07'),(2834,'2022-12-08'),(2835,'2022-12-09'),(2836,'2022-12-10'),(2837,'2022-12-11'),(2838,'2022-12-12'),(2839,'2022-12-13'),(2840,'2022-12-14'),(2841,'2022-12-15'),(2842,'2022-12-16'),(2843,'2022-12-17'),(2844,'2022-12-18'),(2845,'2022-12-19'),(2846,'2022-12-20'),(2847,'2022-12-21'),(2848,'2022-12-22'),(2849,'2022-12-23'),(2850,'2022-12-24'),(2851,'2022-12-25'),(2852,'2022-12-26'),(2853,'2022-12-27'),(2854,'2022-12-28'),(2855,'2022-12-29'),(2856,'2022-12-30'),(2857,'2022-12-31'),(2858,'2023-01-01'),(2859,'2023-01-02'),(2860,'2023-01-03'),(2861,'2023-01-04'),(2862,'2023-01-05'),(2863,'2023-01-06'),(2864,'2023-01-07'),(2865,'2023-01-08'),(2866,'2023-01-09'),(2867,'2023-01-10'),(2868,'2023-01-11'),(2869,'2023-01-12'),(2870,'2023-01-13'),(2871,'2023-01-14'),(2872,'2023-01-15'),(2873,'2023-01-16'),(2874,'2023-01-17'),(2875,'2023-01-18'),(2876,'2023-01-19'),(2877,'2023-01-20'),(2878,'2023-01-21'),(2879,'2023-01-22'),(2880,'2023-01-23'),(2881,'2023-01-24'),(2882,'2023-01-25'),(2883,'2023-01-26'),(2884,'2023-01-27'),(2885,'2023-01-28'),(2886,'2023-01-29'),(2887,'2023-01-30'),(2888,'2023-01-31'),(2889,'2023-02-01'),(2890,'2023-02-02'),(2891,'2023-02-03'),(2892,'2023-02-04'),(2893,'2023-02-05'),(2894,'2023-02-06'),(2895,'2023-02-07'),(2896,'2023-02-08'),(2897,'2023-02-09'),(2898,'2023-02-10'),(2899,'2023-02-11'),(2900,'2023-02-12'),(2901,'2023-02-13'),(2902,'2023-02-14'),(2903,'2023-02-15'),(2904,'2023-02-16'),(2905,'2023-02-17'),(2906,'2023-02-18'),(2907,'2023-02-19'),(2908,'2023-02-20'),(2909,'2023-02-21'),(2910,'2023-02-22'),(2911,'2023-02-23'),(2912,'2023-02-24'),(2913,'2023-02-25'),(2914,'2023-02-26'),(2915,'2023-02-27'),(2916,'2023-02-28'),(2917,'2023-03-01'),(2918,'2023-03-02'),(2919,'2023-03-03'),(2920,'2023-03-04'),(2921,'2023-03-05'),(2922,'2023-03-06'),(2923,'2023-03-07'),(2924,'2023-03-08'),(2925,'2023-03-09'),(2926,'2023-03-10'),(2927,'2023-03-11'),(2928,'2023-03-12'),(2929,'2023-03-13'),(2930,'2023-03-14'),(2931,'2023-03-15'),(2932,'2023-03-16'),(2933,'2023-03-17'),(2934,'2023-03-18'),(2935,'2023-03-19'),(2936,'2023-03-20'),(2937,'2023-03-21'),(2938,'2023-03-22'),(2939,'2023-03-23'),(2940,'2023-03-24'),(2941,'2023-03-25'),(2942,'2023-03-26'),(2943,'2023-03-27'),(2944,'2023-03-28'),(2945,'2023-03-29'),(2946,'2023-03-30'),(2947,'2023-03-31'),(2948,'2023-04-01'),(2949,'2023-04-02'),(2950,'2023-04-03'),(2951,'2023-04-04'),(2952,'2023-04-05'),(2953,'2023-04-06'),(2954,'2023-04-07'),(2955,'2023-04-08'),(2956,'2023-04-09'),(2957,'2023-04-10'),(2958,'2023-04-11'),(2959,'2023-04-12'),(2960,'2023-04-13'),(2961,'2023-04-14'),(2962,'2023-04-15'),(2963,'2023-04-16'),(2964,'2023-04-17'),(2965,'2023-04-18'),(2966,'2023-04-19'),(2967,'2023-04-20'),(2968,'2023-04-21'),(2969,'2023-04-22'),(2970,'2023-04-23'),(2971,'2023-04-24'),(2972,'2023-04-25'),(2973,'2023-04-26'),(2974,'2023-04-27'),(2975,'2023-04-28'),(2976,'2023-04-29'),(2977,'2023-04-30'),(2978,'2023-05-01'),(2979,'2023-05-02'),(2980,'2023-05-03'),(2981,'2023-05-04'),(2982,'2023-05-05'),(2983,'2023-05-06'),(2984,'2023-05-07'),(2985,'2023-05-08'),(2986,'2023-05-09'),(2987,'2023-05-10'),(2988,'2023-05-11'),(2989,'2023-05-12'),(2990,'2023-05-13'),(2991,'2023-05-14'),(2992,'2023-05-15'),(2993,'2023-05-16'),(2994,'2023-05-17'),(2995,'2023-05-18'),(2996,'2023-05-19'),(2997,'2023-05-20'),(2998,'2023-05-21'),(2999,'2023-05-22'),(3000,'2023-05-23'),(3001,'2023-05-24'),(3002,'2023-05-25'),(3003,'2023-05-26'),(3004,'2023-05-27'),(3005,'2023-05-28'),(3006,'2023-05-29'),(3007,'2023-05-30'),(3008,'2023-05-31'),(3009,'2023-06-01'),(3010,'2023-06-02'),(3011,'2023-06-03'),(3012,'2023-06-04'),(3013,'2023-06-05'),(3014,'2023-06-06'),(3015,'2023-06-07'),(3016,'2023-06-08'),(3017,'2023-06-09'),(3018,'2023-06-10'),(3019,'2023-06-11'),(3020,'2023-06-12'),(3021,'2023-06-13'),(3022,'2023-06-14'),(3023,'2023-06-15'),(3024,'2023-06-16'),(3025,'2023-06-17'),(3026,'2023-06-18'),(3027,'2023-06-19'),(3028,'2023-06-20'),(3029,'2023-06-21'),(3030,'2023-06-22'),(3031,'2023-06-23'),(3032,'2023-06-24'),(3033,'2023-06-25'),(3034,'2023-06-26'),(3035,'2023-06-27'),(3036,'2023-06-28'),(3037,'2023-06-29'),(3038,'2023-06-30'),(3039,'2023-07-01'),(3040,'2023-07-02'),(3041,'2023-07-03'),(3042,'2023-07-04'),(3043,'2023-07-05'),(3044,'2023-07-06'),(3045,'2023-07-07'),(3046,'2023-07-08'),(3047,'2023-07-09'),(3048,'2023-07-10'),(3049,'2023-07-11'),(3050,'2023-07-12'),(3051,'2023-07-13'),(3052,'2023-07-14'),(3053,'2023-07-15'),(3054,'2023-07-16'),(3055,'2023-07-17'),(3056,'2023-07-18'),(3057,'2023-07-19'),(3058,'2023-07-20'),(3059,'2023-07-21'),(3060,'2023-07-22'),(3061,'2023-07-23'),(3062,'2023-07-24'),(3063,'2023-07-25'),(3064,'2023-07-26'),(3065,'2023-07-27'),(3066,'2023-07-28'),(3067,'2023-07-29'),(3068,'2023-07-30'),(3069,'2023-07-31'),(3070,'2023-08-01'),(3071,'2023-08-02'),(3072,'2023-08-03'),(3073,'2023-08-04'),(3074,'2023-08-05'),(3075,'2023-08-06'),(3076,'2023-08-07'),(3077,'2023-08-08'),(3078,'2023-08-09'),(3079,'2023-08-10'),(3080,'2023-08-11'),(3081,'2023-08-12'),(3082,'2023-08-13'),(3083,'2023-08-14'),(3084,'2023-08-15'),(3085,'2023-08-16'),(3086,'2023-08-17'),(3087,'2023-08-18'),(3088,'2023-08-19'),(3089,'2023-08-20'),(3090,'2023-08-21'),(3091,'2023-08-22'),(3092,'2023-08-23'),(3093,'2023-08-24'),(3094,'2023-08-25'),(3095,'2023-08-26'),(3096,'2023-08-27'),(3097,'2023-08-28'),(3098,'2023-08-29'),(3099,'2023-08-30'),(3100,'2023-08-31'),(3101,'2023-09-01'),(3102,'2023-09-02'),(3103,'2023-09-03'),(3104,'2023-09-04'),(3105,'2023-09-05'),(3106,'2023-09-06'),(3107,'2023-09-07'),(3108,'2023-09-08'),(3109,'2023-09-09'),(3110,'2023-09-10'),(3111,'2023-09-11'),(3112,'2023-09-12'),(3113,'2023-09-13'),(3114,'2023-09-14'),(3115,'2023-09-15'),(3116,'2023-09-16'),(3117,'2023-09-17'),(3118,'2023-09-18'),(3119,'2023-09-19'),(3120,'2023-09-20'),(3121,'2023-09-21'),(3122,'2023-09-22'),(3123,'2023-09-23'),(3124,'2023-09-24'),(3125,'2023-09-25'),(3126,'2023-09-26'),(3127,'2023-09-27'),(3128,'2023-09-28'),(3129,'2023-09-29'),(3130,'2023-09-30'),(3131,'2023-10-01'),(3132,'2023-10-02'),(3133,'2023-10-03'),(3134,'2023-10-04'),(3135,'2023-10-05'),(3136,'2023-10-06'),(3137,'2023-10-07'),(3138,'2023-10-08'),(3139,'2023-10-09'),(3140,'2023-10-10'),(3141,'2023-10-11'),(3142,'2023-10-12'),(3143,'2023-10-13'),(3144,'2023-10-14'),(3145,'2023-10-15'),(3146,'2023-10-16'),(3147,'2023-10-17'),(3148,'2023-10-18'),(3149,'2023-10-19'),(3150,'2023-10-20'),(3151,'2023-10-21'),(3152,'2023-10-22'),(3153,'2023-10-23'),(3154,'2023-10-24'),(3155,'2023-10-25'),(3156,'2023-10-26'),(3157,'2023-10-27'),(3158,'2023-10-28'),(3159,'2023-10-29'),(3160,'2023-10-30'),(3161,'2023-10-31'),(3162,'2023-11-01'),(3163,'2023-11-02'),(3164,'2023-11-03'),(3165,'2023-11-04'),(3166,'2023-11-05'),(3167,'2023-11-06'),(3168,'2023-11-07'),(3169,'2023-11-08'),(3170,'2023-11-09'),(3171,'2023-11-10'),(3172,'2023-11-11'),(3173,'2023-11-12'),(3174,'2023-11-13'),(3175,'2023-11-14'),(3176,'2023-11-15'),(3177,'2023-11-16'),(3178,'2023-11-17'),(3179,'2023-11-18'),(3180,'2023-11-19'),(3181,'2023-11-20'),(3182,'2023-11-21'),(3183,'2023-11-22'),(3184,'2023-11-23'),(3185,'2023-11-24'),(3186,'2023-11-25'),(3187,'2023-11-26'),(3188,'2023-11-27'),(3189,'2023-11-28'),(3190,'2023-11-29'),(3191,'2023-11-30'),(3192,'2023-12-01'),(3193,'2023-12-02'),(3194,'2023-12-03'),(3195,'2023-12-04'),(3196,'2023-12-05'),(3197,'2023-12-06'),(3198,'2023-12-07'),(3199,'2023-12-08'),(3200,'2023-12-09'),(3201,'2023-12-10'),(3202,'2023-12-11'),(3203,'2023-12-12'),(3204,'2023-12-13'),(3205,'2023-12-14'),(3206,'2023-12-15'),(3207,'2023-12-16'),(3208,'2023-12-17'),(3209,'2023-12-18'),(3210,'2023-12-19'),(3211,'2023-12-20'),(3212,'2023-12-21'),(3213,'2023-12-22'),(3214,'2023-12-23'),(3215,'2023-12-24'),(3216,'2023-12-25'),(3217,'2023-12-26'),(3218,'2023-12-27'),(3219,'2023-12-28'),(3220,'2023-12-29'),(3221,'2023-12-30'),(3222,'2023-12-31'),(3223,'2024-01-01'),(3224,'2024-01-02'),(3225,'2024-01-03'),(3226,'2024-01-04'),(3227,'2024-01-05'),(3228,'2024-01-06'),(3229,'2024-01-07'),(3230,'2024-01-08'),(3231,'2024-01-09'),(3232,'2024-01-10'),(3233,'2024-01-11'),(3234,'2024-01-12'),(3235,'2024-01-13'),(3236,'2024-01-14'),(3237,'2024-01-15'),(3238,'2024-01-16'),(3239,'2024-01-17'),(3240,'2024-01-18'),(3241,'2024-01-19'),(3242,'2024-01-20'),(3243,'2024-01-21'),(3244,'2024-01-22'),(3245,'2024-01-23'),(3246,'2024-01-24'),(3247,'2024-01-25'),(3248,'2024-01-26'),(3249,'2024-01-27'),(3250,'2024-01-28'),(3251,'2024-01-29'),(3252,'2024-01-30'),(3253,'2024-01-31'),(3254,'2024-02-01'),(3255,'2024-02-02'),(3256,'2024-02-03'),(3257,'2024-02-04'),(3258,'2024-02-05'),(3259,'2024-02-06'),(3260,'2024-02-07'),(3261,'2024-02-08'),(3262,'2024-02-09'),(3263,'2024-02-10'),(3264,'2024-02-11'),(3265,'2024-02-12'),(3266,'2024-02-13'),(3267,'2024-02-14'),(3268,'2024-02-15'),(3269,'2024-02-16'),(3270,'2024-02-17'),(3271,'2024-02-18'),(3272,'2024-02-19'),(3273,'2024-02-20'),(3274,'2024-02-21'),(3275,'2024-02-22'),(3276,'2024-02-23'),(3277,'2024-02-24'),(3278,'2024-02-25'),(3279,'2024-02-26'),(3280,'2024-02-27'),(3281,'2024-02-28'),(3282,'2024-02-29'),(3283,'2024-03-01'),(3284,'2024-03-02'),(3285,'2024-03-03'),(3286,'2024-03-04'),(3287,'2024-03-05'),(3288,'2024-03-06'),(3289,'2024-03-07'),(3290,'2024-03-08'),(3291,'2024-03-09'),(3292,'2024-03-10'),(3293,'2024-03-11'),(3294,'2024-03-12'),(3295,'2024-03-13'),(3296,'2024-03-14'),(3297,'2024-03-15'),(3298,'2024-03-16'),(3299,'2024-03-17'),(3300,'2024-03-18'),(3301,'2024-03-19'),(3302,'2024-03-20'),(3303,'2024-03-21'),(3304,'2024-03-22'),(3305,'2024-03-23'),(3306,'2024-03-24'),(3307,'2024-03-25'),(3308,'2024-03-26'),(3309,'2024-03-27'),(3310,'2024-03-28'),(3311,'2024-03-29'),(3312,'2024-03-30'),(3313,'2024-03-31'),(3314,'2024-04-01'),(3315,'2024-04-02'),(3316,'2024-04-03'),(3317,'2024-04-04'),(3318,'2024-04-05'),(3319,'2024-04-06'),(3320,'2024-04-07'),(3321,'2024-04-08'),(3322,'2024-04-09'),(3323,'2024-04-10'),(3324,'2024-04-11'),(3325,'2024-04-12'),(3326,'2024-04-13'),(3327,'2024-04-14'),(3328,'2024-04-15'),(3329,'2024-04-16'),(3330,'2024-04-17'),(3331,'2024-04-18'),(3332,'2024-04-19'),(3333,'2024-04-20'),(3334,'2024-04-21'),(3335,'2024-04-22'),(3336,'2024-04-23'),(3337,'2024-04-24'),(3338,'2024-04-25'),(3339,'2024-04-26'),(3340,'2024-04-27'),(3341,'2024-04-28'),(3342,'2024-04-29'),(3343,'2024-04-30'),(3344,'2024-05-01'),(3345,'2024-05-02'),(3346,'2024-05-03'),(3347,'2024-05-04'),(3348,'2024-05-05'),(3349,'2024-05-06'),(3350,'2024-05-07'),(3351,'2024-05-08'),(3352,'2024-05-09'),(3353,'2024-05-10'),(3354,'2024-05-11'),(3355,'2024-05-12'),(3356,'2024-05-13'),(3357,'2024-05-14'),(3358,'2024-05-15'),(3359,'2024-05-16'),(3360,'2024-05-17'),(3361,'2024-05-18'),(3362,'2024-05-19'),(3363,'2024-05-20'),(3364,'2024-05-21'),(3365,'2024-05-22'),(3366,'2024-05-23'),(3367,'2024-05-24'),(3368,'2024-05-25'),(3369,'2024-05-26'),(3370,'2024-05-27'),(3371,'2024-05-28'),(3372,'2024-05-29'),(3373,'2024-05-30'),(3374,'2024-05-31'),(3375,'2024-06-01'),(3376,'2024-06-02'),(3377,'2024-06-03'),(3378,'2024-06-04'),(3379,'2024-06-05'),(3380,'2024-06-06'),(3381,'2024-06-07'),(3382,'2024-06-08'),(3383,'2024-06-09'),(3384,'2024-06-10'),(3385,'2024-06-11'),(3386,'2024-06-12'),(3387,'2024-06-13'),(3388,'2024-06-14'),(3389,'2024-06-15'),(3390,'2024-06-16'),(3391,'2024-06-17'),(3392,'2024-06-18'),(3393,'2024-06-19'),(3394,'2024-06-20'),(3395,'2024-06-21'),(3396,'2024-06-22'),(3397,'2024-06-23'),(3398,'2024-06-24'),(3399,'2024-06-25'),(3400,'2024-06-26'),(3401,'2024-06-27'),(3402,'2024-06-28'),(3403,'2024-06-29'),(3404,'2024-06-30'),(3405,'2024-07-01'),(3406,'2024-07-02'),(3407,'2024-07-03'),(3408,'2024-07-04'),(3409,'2024-07-05'),(3410,'2024-07-06'),(3411,'2024-07-07'),(3412,'2024-07-08'),(3413,'2024-07-09'),(3414,'2024-07-10'),(3415,'2024-07-11'),(3416,'2024-07-12'),(3417,'2024-07-13'),(3418,'2024-07-14'),(3419,'2024-07-15'),(3420,'2024-07-16'),(3421,'2024-07-17'),(3422,'2024-07-18'),(3423,'2024-07-19'),(3424,'2024-07-20'),(3425,'2024-07-21'),(3426,'2024-07-22'),(3427,'2024-07-23'),(3428,'2024-07-24'),(3429,'2024-07-25'),(3430,'2024-07-26'),(3431,'2024-07-27'),(3432,'2024-07-28'),(3433,'2024-07-29'),(3434,'2024-07-30'),(3435,'2024-07-31'),(3436,'2024-08-01'),(3437,'2024-08-02'),(3438,'2024-08-03'),(3439,'2024-08-04'),(3440,'2024-08-05'),(3441,'2024-08-06'),(3442,'2024-08-07'),(3443,'2024-08-08'),(3444,'2024-08-09'),(3445,'2024-08-10'),(3446,'2024-08-11'),(3447,'2024-08-12'),(3448,'2024-08-13'),(3449,'2024-08-14'),(3450,'2024-08-15'),(3451,'2024-08-16'),(3452,'2024-08-17'),(3453,'2024-08-18'),(3454,'2024-08-19'),(3455,'2024-08-20'),(3456,'2024-08-21'),(3457,'2024-08-22'),(3458,'2024-08-23'),(3459,'2024-08-24'),(3460,'2024-08-25'),(3461,'2024-08-26'),(3462,'2024-08-27'),(3463,'2024-08-28'),(3464,'2024-08-29'),(3465,'2024-08-30'),(3466,'2024-08-31'),(3467,'2024-09-01'),(3468,'2024-09-02'),(3469,'2024-09-03'),(3470,'2024-09-04'),(3471,'2024-09-05'),(3472,'2024-09-06'),(3473,'2024-09-07'),(3474,'2024-09-08'),(3475,'2024-09-09'),(3476,'2024-09-10'),(3477,'2024-09-11'),(3478,'2024-09-12'),(3479,'2024-09-13'),(3480,'2024-09-14'),(3481,'2024-09-15'),(3482,'2024-09-16'),(3483,'2024-09-17'),(3484,'2024-09-18'),(3485,'2024-09-19'),(3486,'2024-09-20'),(3487,'2024-09-21'),(3488,'2024-09-22'),(3489,'2024-09-23'),(3490,'2024-09-24'),(3491,'2024-09-25'),(3492,'2024-09-26'),(3493,'2024-09-27'),(3494,'2024-09-28'),(3495,'2024-09-29'),(3496,'2024-09-30'),(3497,'2024-10-01'),(3498,'2024-10-02'),(3499,'2024-10-03'),(3500,'2024-10-04'),(3501,'2024-10-05'),(3502,'2024-10-06'),(3503,'2024-10-07'),(3504,'2024-10-08'),(3505,'2024-10-09'),(3506,'2024-10-10'),(3507,'2024-10-11'),(3508,'2024-10-12'),(3509,'2024-10-13'),(3510,'2024-10-14'),(3511,'2024-10-15'),(3512,'2024-10-16'),(3513,'2024-10-17'),(3514,'2024-10-18'),(3515,'2024-10-19'),(3516,'2024-10-20'),(3517,'2024-10-21'),(3518,'2024-10-22'),(3519,'2024-10-23'),(3520,'2024-10-24'),(3521,'2024-10-25'),(3522,'2024-10-26'),(3523,'2024-10-27'),(3524,'2024-10-28'),(3525,'2024-10-29'),(3526,'2024-10-30'),(3527,'2024-10-31'),(3528,'2024-11-01'),(3529,'2024-11-02'),(3530,'2024-11-03'),(3531,'2024-11-04'),(3532,'2024-11-05'),(3533,'2024-11-06'),(3534,'2024-11-07'),(3535,'2024-11-08'),(3536,'2024-11-09'),(3537,'2024-11-10'),(3538,'2024-11-11'),(3539,'2024-11-12'),(3540,'2024-11-13'),(3541,'2024-11-14'),(3542,'2024-11-15'),(3543,'2024-11-16'),(3544,'2024-11-17'),(3545,'2024-11-18'),(3546,'2024-11-19'),(3547,'2024-11-20'),(3548,'2024-11-21'),(3549,'2024-11-22'),(3550,'2024-11-23'),(3551,'2024-11-24'),(3552,'2024-11-25'),(3553,'2024-11-26'),(3554,'2024-11-27'),(3555,'2024-11-28'),(3556,'2024-11-29'),(3557,'2024-11-30'),(3558,'2024-12-01'),(3559,'2024-12-02'),(3560,'2024-12-03'),(3561,'2024-12-04'),(3562,'2024-12-05'),(3563,'2024-12-06'),(3564,'2024-12-07'),(3565,'2024-12-08'),(3566,'2024-12-09'),(3567,'2024-12-10'),(3568,'2024-12-11'),(3569,'2024-12-12'),(3570,'2024-12-13'),(3571,'2024-12-14'),(3572,'2024-12-15'),(3573,'2024-12-16'),(3574,'2024-12-17'),(3575,'2024-12-18'),(3576,'2024-12-19'),(3577,'2024-12-20'),(3578,'2024-12-21'),(3579,'2024-12-22'),(3580,'2024-12-23'),(3581,'2024-12-24'),(3582,'2024-12-25'),(3583,'2024-12-26'),(3584,'2024-12-27'),(3585,'2024-12-28'),(3586,'2024-12-29'),(3587,'2024-12-30'),(3588,'2024-12-31'),(3589,'2025-01-01'),(3590,'2025-01-02'),(3591,'2025-01-03'),(3592,'2025-01-04'),(3593,'2025-01-05'),(3594,'2025-01-06'),(3595,'2025-01-07'),(3596,'2025-01-08'),(3597,'2025-01-09'),(3598,'2025-01-10'),(3599,'2025-01-11'),(3600,'2025-01-12'),(3601,'2025-01-13'),(3602,'2025-01-14'),(3603,'2025-01-15'),(3604,'2025-01-16'),(3605,'2025-01-17'),(3606,'2025-01-18'),(3607,'2025-01-19'),(3608,'2025-01-20'),(3609,'2025-01-21'),(3610,'2025-01-22'),(3611,'2025-01-23'),(3612,'2025-01-24'),(3613,'2025-01-25'),(3614,'2025-01-26'),(3615,'2025-01-27'),(3616,'2025-01-28'),(3617,'2025-01-29'),(3618,'2025-01-30'),(3619,'2025-01-31'),(3620,'2025-02-01'),(3621,'2025-02-02'),(3622,'2025-02-03'),(3623,'2025-02-04'),(3624,'2025-02-05'),(3625,'2025-02-06'),(3626,'2025-02-07'),(3627,'2025-02-08'),(3628,'2025-02-09'),(3629,'2025-02-10'),(3630,'2025-02-11'),(3631,'2025-02-12'),(3632,'2025-02-13'),(3633,'2025-02-14'),(3634,'2025-02-15'),(3635,'2025-02-16'),(3636,'2025-02-17'),(3637,'2025-02-18'),(3638,'2025-02-19'),(3639,'2025-02-20'),(3640,'2025-02-21'),(3641,'2025-02-22'),(3642,'2025-02-23'),(3643,'2025-02-24'),(3644,'2025-02-25'),(3645,'2025-02-26'),(3646,'2025-02-27'),(3647,'2025-02-28'),(3648,'2025-03-01'),(3649,'2025-03-02'),(3650,'2025-03-03'),(3651,'2025-03-04'),(3652,'2025-03-05'),(3653,'2025-03-06'),(3654,'2025-03-07'),(3655,'2025-03-08'),(3656,'2025-03-09'),(3657,'2025-03-10'),(3658,'2025-03-11'),(3659,'2025-03-12'),(3660,'2025-03-13'),(3661,'2025-03-14'),(3662,'2025-03-15'),(3663,'2025-03-16'),(3664,'2025-03-17'),(3665,'2025-03-18'),(3666,'2025-03-19'),(3667,'2025-03-20'),(3668,'2025-03-21'),(3669,'2025-03-22'),(3670,'2025-03-23'),(3671,'2025-03-24'),(3672,'2025-03-25'),(3673,'2025-03-26'),(3674,'2025-03-27'),(3675,'2025-03-28'),(3676,'2025-03-29'),(3677,'2025-03-30'),(3678,'2025-03-31'),(3679,'2025-04-01'),(3680,'2025-04-02'),(3681,'2025-04-03'),(3682,'2025-04-04'),(3683,'2025-04-05'),(3684,'2025-04-06'),(3685,'2025-04-07'),(3686,'2025-04-08'),(3687,'2025-04-09'),(3688,'2025-04-10'),(3689,'2025-04-11'),(3690,'2025-04-12'),(3691,'2025-04-13'),(3692,'2025-04-14'),(3693,'2025-04-15'),(3694,'2025-04-16'),(3695,'2025-04-17'),(3696,'2025-04-18'),(3697,'2025-04-19'),(3698,'2025-04-20'),(3699,'2025-04-21'),(3700,'2025-04-22'),(3701,'2025-04-23'),(3702,'2025-04-24'),(3703,'2025-04-25'),(3704,'2025-04-26'),(3705,'2025-04-27'),(3706,'2025-04-28'),(3707,'2025-04-29'),(3708,'2025-04-30'),(3709,'2025-05-01'),(3710,'2025-05-02'),(3711,'2025-05-03'),(3712,'2025-05-04'),(3713,'2025-05-05'),(3714,'2025-05-06'),(3715,'2025-05-07'),(3716,'2025-05-08'),(3717,'2025-05-09'),(3718,'2025-05-10'),(3719,'2025-05-11'),(3720,'2025-05-12'),(3721,'2025-05-13'),(3722,'2025-05-14'),(3723,'2025-05-15'),(3724,'2025-05-16'),(3725,'2025-05-17'),(3726,'2025-05-18'),(3727,'2025-05-19'),(3728,'2025-05-20'),(3729,'2025-05-21'),(3730,'2025-05-22'),(3731,'2025-05-23'),(3732,'2025-05-24'),(3733,'2025-05-25'),(3734,'2025-05-26'),(3735,'2025-05-27'),(3736,'2025-05-28'),(3737,'2025-05-29'),(3738,'2025-05-30'),(3739,'2025-05-31'),(3740,'2025-06-01'),(3741,'2025-06-02'),(3742,'2025-06-03'),(3743,'2025-06-04'),(3744,'2025-06-05'),(3745,'2025-06-06'),(3746,'2025-06-07'),(3747,'2025-06-08'),(3748,'2025-06-09'),(3749,'2025-06-10'),(3750,'2025-06-11'),(3751,'2025-06-12'),(3752,'2025-06-13'),(3753,'2025-06-14'),(3754,'2025-06-15'),(3755,'2025-06-16'),(3756,'2025-06-17'),(3757,'2025-06-18'),(3758,'2025-06-19'),(3759,'2025-06-20'),(3760,'2025-06-21'),(3761,'2025-06-22'),(3762,'2025-06-23'),(3763,'2025-06-24'),(3764,'2025-06-25'),(3765,'2025-06-26'),(3766,'2025-06-27'),(3767,'2025-06-28'),(3768,'2025-06-29'),(3769,'2025-06-30'),(3770,'2025-07-01'),(3771,'2025-07-02'),(3772,'2025-07-03'),(3773,'2025-07-04'),(3774,'2025-07-05'),(3775,'2025-07-06'),(3776,'2025-07-07'),(3777,'2025-07-08'),(3778,'2025-07-09'),(3779,'2025-07-10'),(3780,'2025-07-11'),(3781,'2025-07-12'),(3782,'2025-07-13'),(3783,'2025-07-14'),(3784,'2025-07-15'),(3785,'2025-07-16'),(3786,'2025-07-17'),(3787,'2025-07-18'),(3788,'2025-07-19'),(3789,'2025-07-20'),(3790,'2025-07-21'),(3791,'2025-07-22'),(3792,'2025-07-23'),(3793,'2025-07-24'),(3794,'2025-07-25'),(3795,'2025-07-26'),(3796,'2025-07-27'),(3797,'2025-07-28'),(3798,'2025-07-29'),(3799,'2025-07-30'),(3800,'2025-07-31'),(3801,'2025-08-01'),(3802,'2025-08-02'),(3803,'2025-08-03'),(3804,'2025-08-04'),(3805,'2025-08-05'),(3806,'2025-08-06'),(3807,'2025-08-07'),(3808,'2025-08-08'),(3809,'2025-08-09'),(3810,'2025-08-10'),(3811,'2025-08-11'),(3812,'2025-08-12'),(3813,'2025-08-13'),(3814,'2025-08-14'),(3815,'2025-08-15'),(3816,'2025-08-16'),(3817,'2025-08-17'),(3818,'2025-08-18'),(3819,'2025-08-19'),(3820,'2025-08-20'),(3821,'2025-08-21'),(3822,'2025-08-22'),(3823,'2025-08-23'),(3824,'2025-08-24'),(3825,'2025-08-25'),(3826,'2025-08-26'),(3827,'2025-08-27'),(3828,'2025-08-28'),(3829,'2025-08-29'),(3830,'2025-08-30'),(3831,'2025-08-31'),(3832,'2025-09-01'),(3833,'2025-09-02'),(3834,'2025-09-03'),(3835,'2025-09-04'),(3836,'2025-09-05'),(3837,'2025-09-06'),(3838,'2025-09-07'),(3839,'2025-09-08'),(3840,'2025-09-09'),(3841,'2025-09-10'),(3842,'2025-09-11'),(3843,'2025-09-12'),(3844,'2025-09-13'),(3845,'2025-09-14'),(3846,'2025-09-15'),(3847,'2025-09-16'),(3848,'2025-09-17'),(3849,'2025-09-18'),(3850,'2025-09-19'),(3851,'2025-09-20'),(3852,'2025-09-21'),(3853,'2025-09-22'),(3854,'2025-09-23'),(3855,'2025-09-24'),(3856,'2025-09-25'),(3857,'2025-09-26'),(3858,'2025-09-27'),(3859,'2025-09-28'),(3860,'2025-09-29'),(3861,'2025-09-30'),(3862,'2025-10-01'),(3863,'2025-10-02'),(3864,'2025-10-03'),(3865,'2025-10-04'),(3866,'2025-10-05'),(3867,'2025-10-06'),(3868,'2025-10-07'),(3869,'2025-10-08'),(3870,'2025-10-09'),(3871,'2025-10-10'),(3872,'2025-10-11'),(3873,'2025-10-12'),(3874,'2025-10-13'),(3875,'2025-10-14'),(3876,'2025-10-15'),(3877,'2025-10-16'),(3878,'2025-10-17'),(3879,'2025-10-18'),(3880,'2025-10-19'),(3881,'2025-10-20'),(3882,'2025-10-21'),(3883,'2025-10-22'),(3884,'2025-10-23'),(3885,'2025-10-24'),(3886,'2025-10-25'),(3887,'2025-10-26'),(3888,'2025-10-27'),(3889,'2025-10-28'),(3890,'2025-10-29'),(3891,'2025-10-30'),(3892,'2025-10-31'),(3893,'2025-11-01'),(3894,'2025-11-02'),(3895,'2025-11-03'),(3896,'2025-11-04'),(3897,'2025-11-05'),(3898,'2025-11-06'),(3899,'2025-11-07'),(3900,'2025-11-08'),(3901,'2025-11-09'),(3902,'2025-11-10'),(3903,'2025-11-11'),(3904,'2025-11-12'),(3905,'2025-11-13'),(3906,'2025-11-14'),(3907,'2025-11-15'),(3908,'2025-11-16'),(3909,'2025-11-17'),(3910,'2025-11-18'),(3911,'2025-11-19'),(3912,'2025-11-20'),(3913,'2025-11-21'),(3914,'2025-11-22'),(3915,'2025-11-23'),(3916,'2025-11-24'),(3917,'2025-11-25'),(3918,'2025-11-26'),(3919,'2025-11-27'),(3920,'2025-11-28'),(3921,'2025-11-29'),(3922,'2025-11-30'),(3923,'2025-12-01'),(3924,'2025-12-02'),(3925,'2025-12-03'),(3926,'2025-12-04'),(3927,'2025-12-05'),(3928,'2025-12-06'),(3929,'2025-12-07'),(3930,'2025-12-08'),(3931,'2025-12-09'),(3932,'2025-12-10'),(3933,'2025-12-11'),(3934,'2025-12-12'),(3935,'2025-12-13'),(3936,'2025-12-14'),(3937,'2025-12-15'),(3938,'2025-12-16'),(3939,'2025-12-17'),(3940,'2025-12-18'),(3941,'2025-12-19'),(3942,'2025-12-20'),(3943,'2025-12-21'),(3944,'2025-12-22'),(3945,'2025-12-23'),(3946,'2025-12-24'),(3947,'2025-12-25'),(3948,'2025-12-26'),(3949,'2025-12-27'),(3950,'2025-12-28'),(3951,'2025-12-29'),(3952,'2025-12-30'),(3953,'2025-12-31'),(3954,'2026-01-01'),(3955,'2026-01-02'),(3956,'2026-01-03'),(3957,'2026-01-04'),(3958,'2026-01-05'),(3959,'2026-01-06'),(3960,'2026-01-07'),(3961,'2026-01-08'),(3962,'2026-01-09'),(3963,'2026-01-10'),(3964,'2026-01-11'),(3965,'2026-01-12'),(3966,'2026-01-13'),(3967,'2026-01-14'),(3968,'2026-01-15'),(3969,'2026-01-16'),(3970,'2026-01-17'),(3971,'2026-01-18'),(3972,'2026-01-19'),(3973,'2026-01-20'),(3974,'2026-01-21'),(3975,'2026-01-22'),(3976,'2026-01-23'),(3977,'2026-01-24'),(3978,'2026-01-25'),(3979,'2026-01-26'),(3980,'2026-01-27'),(3981,'2026-01-28'),(3982,'2026-01-29'),(3983,'2026-01-30'),(3984,'2026-01-31'),(3985,'2026-02-01'),(3986,'2026-02-02'),(3987,'2026-02-03'),(3988,'2026-02-04'),(3989,'2026-02-05'),(3990,'2026-02-06'),(3991,'2026-02-07'),(3992,'2026-02-08'),(3993,'2026-02-09'),(3994,'2026-02-10'),(3995,'2026-02-11'),(3996,'2026-02-12'),(3997,'2026-02-13'),(3998,'2026-02-14'),(3999,'2026-02-15'),(4000,'2026-02-16'),(4001,'2026-02-17'),(4002,'2026-02-18'),(4003,'2026-02-19'),(4004,'2026-02-20'),(4005,'2026-02-21'),(4006,'2026-02-22'),(4007,'2026-02-23'),(4008,'2026-02-24'),(4009,'2026-02-25'),(4010,'2026-02-26'),(4011,'2026-02-27'),(4012,'2026-02-28'),(4013,'2026-03-01'),(4014,'2026-03-02'),(4015,'2026-03-03'),(4016,'2026-03-04'),(4017,'2026-03-05'),(4018,'2026-03-06'),(4019,'2026-03-07'),(4020,'2026-03-08'),(4021,'2026-03-09'),(4022,'2026-03-10'),(4023,'2026-03-11'),(4024,'2026-03-12'),(4025,'2026-03-13'),(4026,'2026-03-14'),(4027,'2026-03-15'),(4028,'2026-03-16'),(4029,'2026-03-17'),(4030,'2026-03-18'),(4031,'2026-03-19'),(4032,'2026-03-20'),(4033,'2026-03-21'),(4034,'2026-03-22'),(4035,'2026-03-23'),(4036,'2026-03-24'),(4037,'2026-03-25'),(4038,'2026-03-26'),(4039,'2026-03-27'),(4040,'2026-03-28'),(4041,'2026-03-29'),(4042,'2026-03-30'),(4043,'2026-03-31'),(4044,'2026-04-01'),(4045,'2026-04-02'),(4046,'2026-04-03'),(4047,'2026-04-04'),(4048,'2026-04-05'),(4049,'2026-04-06'),(4050,'2026-04-07'),(4051,'2026-04-08'),(4052,'2026-04-09'),(4053,'2026-04-10'),(4054,'2026-04-11'),(4055,'2026-04-12'),(4056,'2026-04-13'),(4057,'2026-04-14'),(4058,'2026-04-15'),(4059,'2026-04-16'),(4060,'2026-04-17'),(4061,'2026-04-18'),(4062,'2026-04-19'),(4063,'2026-04-20'),(4064,'2026-04-21'),(4065,'2026-04-22'),(4066,'2026-04-23'),(4067,'2026-04-24'),(4068,'2026-04-25'),(4069,'2026-04-26'),(4070,'2026-04-27'),(4071,'2026-04-28'),(4072,'2026-04-29'),(4073,'2026-04-30'),(4074,'2026-05-01'),(4075,'2026-05-02'),(4076,'2026-05-03'),(4077,'2026-05-04'),(4078,'2026-05-05'),(4079,'2026-05-06'),(4080,'2026-05-07'),(4081,'2026-05-08'),(4082,'2026-05-09'),(4083,'2026-05-10'),(4084,'2026-05-11'),(4085,'2026-05-12'),(4086,'2026-05-13'),(4087,'2026-05-14'),(4088,'2026-05-15'),(4089,'2026-05-16'),(4090,'2026-05-17'),(4091,'2026-05-18'),(4092,'2026-05-19'),(4093,'2026-05-20'),(4094,'2026-05-21'),(4095,'2026-05-22'),(4096,'2026-05-23'),(4097,'2026-05-24'),(4098,'2026-05-25'),(4099,'2026-05-26'),(4100,'2026-05-27'),(4101,'2026-05-28'),(4102,'2026-05-29'),(4103,'2026-05-30'),(4104,'2026-05-31'),(4105,'2026-06-01'),(4106,'2026-06-02'),(4107,'2026-06-03'),(4108,'2026-06-04'),(4109,'2026-06-05'),(4110,'2026-06-06'),(4111,'2026-06-07'),(4112,'2026-06-08'),(4113,'2026-06-09'),(4114,'2026-06-10'),(4115,'2026-06-11'),(4116,'2026-06-12'),(4117,'2026-06-13'),(4118,'2026-06-14'),(4119,'2026-06-15'),(4120,'2026-06-16'),(4121,'2026-06-17'),(4122,'2026-06-18'),(4123,'2026-06-19'),(4124,'2026-06-20'),(4125,'2026-06-21'),(4126,'2026-06-22'),(4127,'2026-06-23'),(4128,'2026-06-24'),(4129,'2026-06-25'),(4130,'2026-06-26'),(4131,'2026-06-27'),(4132,'2026-06-28'),(4133,'2026-06-29'),(4134,'2026-06-30'),(4135,'2026-07-01'),(4136,'2026-07-02'),(4137,'2026-07-03'),(4138,'2026-07-04'),(4139,'2026-07-05'),(4140,'2026-07-06'),(4141,'2026-07-07'),(4142,'2026-07-08'),(4143,'2026-07-09'),(4144,'2026-07-10'),(4145,'2026-07-11'),(4146,'2026-07-12'),(4147,'2026-07-13'),(4148,'2026-07-14'),(4149,'2026-07-15'),(4150,'2026-07-16'),(4151,'2026-07-17'),(4152,'2026-07-18'),(4153,'2026-07-19'),(4154,'2026-07-20'),(4155,'2026-07-21'),(4156,'2026-07-22'),(4157,'2026-07-23'),(4158,'2026-07-24'),(4159,'2026-07-25'),(4160,'2026-07-26'),(4161,'2026-07-27'),(4162,'2026-07-28'),(4163,'2026-07-29'),(4164,'2026-07-30'),(4165,'2026-07-31'),(4166,'2026-08-01'),(4167,'2026-08-02'),(4168,'2026-08-03'),(4169,'2026-08-04'),(4170,'2026-08-05'),(4171,'2026-08-06'),(4172,'2026-08-07'),(4173,'2026-08-08'),(4174,'2026-08-09'),(4175,'2026-08-10'),(4176,'2026-08-11'),(4177,'2026-08-12'),(4178,'2026-08-13'),(4179,'2026-08-14'),(4180,'2026-08-15'),(4181,'2026-08-16'),(4182,'2026-08-17'),(4183,'2026-08-18'),(4184,'2026-08-19'),(4185,'2026-08-20'),(4186,'2026-08-21'),(4187,'2026-08-22'),(4188,'2026-08-23'),(4189,'2026-08-24'),(4190,'2026-08-25'),(4191,'2026-08-26'),(4192,'2026-08-27'),(4193,'2026-08-28'),(4194,'2026-08-29'),(4195,'2026-08-30'),(4196,'2026-08-31'),(4197,'2026-09-01'),(4198,'2026-09-02'),(4199,'2026-09-03'),(4200,'2026-09-04'),(4201,'2026-09-05'),(4202,'2026-09-06'),(4203,'2026-09-07'),(4204,'2026-09-08'),(4205,'2026-09-09'),(4206,'2026-09-10'),(4207,'2026-09-11'),(4208,'2026-09-12'),(4209,'2026-09-13'),(4210,'2026-09-14'),(4211,'2026-09-15'),(4212,'2026-09-16'),(4213,'2026-09-17'),(4214,'2026-09-18'),(4215,'2026-09-19'),(4216,'2026-09-20'),(4217,'2026-09-21'),(4218,'2026-09-22'),(4219,'2026-09-23'),(4220,'2026-09-24'),(4221,'2026-09-25'),(4222,'2026-09-26'),(4223,'2026-09-27'),(4224,'2026-09-28'),(4225,'2026-09-29'),(4226,'2026-09-30'),(4227,'2026-10-01'),(4228,'2026-10-02'),(4229,'2026-10-03'),(4230,'2026-10-04'),(4231,'2026-10-05'),(4232,'2026-10-06'),(4233,'2026-10-07'),(4234,'2026-10-08'),(4235,'2026-10-09'),(4236,'2026-10-10'),(4237,'2026-10-11'),(4238,'2026-10-12'),(4239,'2026-10-13'),(4240,'2026-10-14'),(4241,'2026-10-15'),(4242,'2026-10-16'),(4243,'2026-10-17'),(4244,'2026-10-18'),(4245,'2026-10-19'),(4246,'2026-10-20'),(4247,'2026-10-21'),(4248,'2026-10-22'),(4249,'2026-10-23'),(4250,'2026-10-24'),(4251,'2026-10-25'),(4252,'2026-10-26'),(4253,'2026-10-27'),(4254,'2026-10-28'),(4255,'2026-10-29'),(4256,'2026-10-30'),(4257,'2026-10-31'),(4258,'2026-11-01'),(4259,'2026-11-02'),(4260,'2026-11-03'),(4261,'2026-11-04'),(4262,'2026-11-05'),(4263,'2026-11-06'),(4264,'2026-11-07'),(4265,'2026-11-08'),(4266,'2026-11-09'),(4267,'2026-11-10'),(4268,'2026-11-11'),(4269,'2026-11-12'),(4270,'2026-11-13'),(4271,'2026-11-14'),(4272,'2026-11-15'),(4273,'2026-11-16'),(4274,'2026-11-17'),(4275,'2026-11-18'),(4276,'2026-11-19'),(4277,'2026-11-20'),(4278,'2026-11-21'),(4279,'2026-11-22'),(4280,'2026-11-23'),(4281,'2026-11-24'),(4282,'2026-11-25'),(4283,'2026-11-26'),(4284,'2026-11-27'),(4285,'2026-11-28'),(4286,'2026-11-29'),(4287,'2026-11-30'),(4288,'2026-12-01'),(4289,'2026-12-02'),(4290,'2026-12-03'),(4291,'2026-12-04'),(4292,'2026-12-05'),(4293,'2026-12-06'),(4294,'2026-12-07'),(4295,'2026-12-08'),(4296,'2026-12-09'),(4297,'2026-12-10'),(4298,'2026-12-11'),(4299,'2026-12-12'),(4300,'2026-12-13'),(4301,'2026-12-14'),(4302,'2026-12-15'),(4303,'2026-12-16'),(4304,'2026-12-17'),(4305,'2026-12-18'),(4306,'2026-12-19'),(4307,'2026-12-20'),(4308,'2026-12-21'),(4309,'2026-12-22'),(4310,'2026-12-23'),(4311,'2026-12-24'),(4312,'2026-12-25'),(4313,'2026-12-26'),(4314,'2026-12-27'),(4315,'2026-12-28'),(4316,'2026-12-29'),(4317,'2026-12-30'),(4318,'2026-12-31'),(4319,'2027-01-01'),(4320,'2027-01-02'),(4321,'2027-01-03'),(4322,'2027-01-04'),(4323,'2027-01-05'),(4324,'2027-01-06'),(4325,'2027-01-07'),(4326,'2027-01-08'),(4327,'2027-01-09'),(4328,'2027-01-10'),(4329,'2027-01-11'),(4330,'2027-01-12'),(4331,'2027-01-13'),(4332,'2027-01-14'),(4333,'2027-01-15'),(4334,'2027-01-16'),(4335,'2027-01-17'),(4336,'2027-01-18'),(4337,'2027-01-19'),(4338,'2027-01-20'),(4339,'2027-01-21'),(4340,'2027-01-22'),(4341,'2027-01-23'),(4342,'2027-01-24'),(4343,'2027-01-25'),(4344,'2027-01-26'),(4345,'2027-01-27'),(4346,'2027-01-28'),(4347,'2027-01-29'),(4348,'2027-01-30'),(4349,'2027-01-31'),(4350,'2027-02-01'),(4351,'2027-02-02'),(4352,'2027-02-03'),(4353,'2027-02-04'),(4354,'2027-02-05'),(4355,'2027-02-06'),(4356,'2027-02-07'),(4357,'2027-02-08'),(4358,'2027-02-09'),(4359,'2027-02-10'),(4360,'2027-02-11'),(4361,'2027-02-12'),(4362,'2027-02-13'),(4363,'2027-02-14'),(4364,'2027-02-15'),(4365,'2027-02-16'),(4366,'2027-02-17'),(4367,'2027-02-18'),(4368,'2027-02-19'),(4369,'2027-02-20'),(4370,'2027-02-21'),(4371,'2027-02-22'),(4372,'2027-02-23'),(4373,'2027-02-24'),(4374,'2027-02-25'),(4375,'2027-02-26'),(4376,'2027-02-27'),(4377,'2027-02-28'),(4378,'2027-03-01'),(4379,'2027-03-02'),(4380,'2027-03-03'),(4381,'2027-03-04'),(4382,'2027-03-05'),(4383,'2027-03-06'),(4384,'2027-03-07'),(4385,'2027-03-08'),(4386,'2027-03-09'),(4387,'2027-03-10'),(4388,'2027-03-11'),(4389,'2027-03-12'),(4390,'2027-03-13'),(4391,'2027-03-14'),(4392,'2027-03-15'),(4393,'2027-03-16'),(4394,'2027-03-17'),(4395,'2027-03-18'),(4396,'2027-03-19'),(4397,'2027-03-20'),(4398,'2027-03-21'),(4399,'2027-03-22'),(4400,'2027-03-23'),(4401,'2027-03-24'),(4402,'2027-03-25'),(4403,'2027-03-26'),(4404,'2027-03-27'),(4405,'2027-03-28'),(4406,'2027-03-29'),(4407,'2027-03-30'),(4408,'2027-03-31'),(4409,'2027-04-01'),(4410,'2027-04-02'),(4411,'2027-04-03'),(4412,'2027-04-04'),(4413,'2027-04-05'),(4414,'2027-04-06'),(4415,'2027-04-07'),(4416,'2027-04-08'),(4417,'2027-04-09'),(4418,'2027-04-10'),(4419,'2027-04-11'),(4420,'2027-04-12'),(4421,'2027-04-13'),(4422,'2027-04-14'),(4423,'2027-04-15'),(4424,'2027-04-16'),(4425,'2027-04-17'),(4426,'2027-04-18'),(4427,'2027-04-19'),(4428,'2027-04-20'),(4429,'2027-04-21'),(4430,'2027-04-22'),(4431,'2027-04-23'),(4432,'2027-04-24'),(4433,'2027-04-25'),(4434,'2027-04-26'),(4435,'2027-04-27'),(4436,'2027-04-28'),(4437,'2027-04-29'),(4438,'2027-04-30'),(4439,'2027-05-01'),(4440,'2027-05-02'),(4441,'2027-05-03'),(4442,'2027-05-04'),(4443,'2027-05-05'),(4444,'2027-05-06'),(4445,'2027-05-07'),(4446,'2027-05-08'),(4447,'2027-05-09'),(4448,'2027-05-10'),(4449,'2027-05-11'),(4450,'2027-05-12'),(4451,'2027-05-13'),(4452,'2027-05-14'),(4453,'2027-05-15'),(4454,'2027-05-16'),(4455,'2027-05-17'),(4456,'2027-05-18'),(4457,'2027-05-19'),(4458,'2027-05-20'),(4459,'2027-05-21'),(4460,'2027-05-22'),(4461,'2027-05-23'),(4462,'2027-05-24'),(4463,'2027-05-25'),(4464,'2027-05-26'),(4465,'2027-05-27'),(4466,'2027-05-28'),(4467,'2027-05-29'),(4468,'2027-05-30'),(4469,'2027-05-31'),(4470,'2027-06-01'),(4471,'2027-06-02'),(4472,'2027-06-03'),(4473,'2027-06-04'),(4474,'2027-06-05'),(4475,'2027-06-06'),(4476,'2027-06-07'),(4477,'2027-06-08'),(4478,'2027-06-09'),(4479,'2027-06-10'),(4480,'2027-06-11'),(4481,'2027-06-12'),(4482,'2027-06-13'),(4483,'2027-06-14'),(4484,'2027-06-15'),(4485,'2027-06-16'),(4486,'2027-06-17'),(4487,'2027-06-18'),(4488,'2027-06-19'),(4489,'2027-06-20'),(4490,'2027-06-21'),(4491,'2027-06-22'),(4492,'2027-06-23'),(4493,'2027-06-24'),(4494,'2027-06-25'),(4495,'2027-06-26'),(4496,'2027-06-27'),(4497,'2027-06-28'),(4498,'2027-06-29'),(4499,'2027-06-30'),(4500,'2027-07-01'),(4501,'2027-07-02'),(4502,'2027-07-03'),(4503,'2027-07-04'),(4504,'2027-07-05'),(4505,'2027-07-06'),(4506,'2027-07-07'),(4507,'2027-07-08'),(4508,'2027-07-09'),(4509,'2027-07-10'),(4510,'2027-07-11'),(4511,'2027-07-12'),(4512,'2027-07-13'),(4513,'2027-07-14'),(4514,'2027-07-15'),(4515,'2027-07-16'),(4516,'2027-07-17'),(4517,'2027-07-18'),(4518,'2027-07-19'),(4519,'2027-07-20'),(4520,'2027-07-21'),(4521,'2027-07-22'),(4522,'2027-07-23'),(4523,'2027-07-24'),(4524,'2027-07-25'),(4525,'2027-07-26'),(4526,'2027-07-27'),(4527,'2027-07-28'),(4528,'2027-07-29'),(4529,'2027-07-30'),(4530,'2027-07-31'),(4531,'2027-08-01'),(4532,'2027-08-02'),(4533,'2027-08-03'),(4534,'2027-08-04'),(4535,'2027-08-05'),(4536,'2027-08-06'),(4537,'2027-08-07'),(4538,'2027-08-08'),(4539,'2027-08-09'),(4540,'2027-08-10'),(4541,'2027-08-11'),(4542,'2027-08-12'),(4543,'2027-08-13'),(4544,'2027-08-14'),(4545,'2027-08-15'),(4546,'2027-08-16'),(4547,'2027-08-17'),(4548,'2027-08-18'),(4549,'2027-08-19'),(4550,'2027-08-20'),(4551,'2027-08-21'),(4552,'2027-08-22'),(4553,'2027-08-23'),(4554,'2027-08-24'),(4555,'2027-08-25'),(4556,'2027-08-26'),(4557,'2027-08-27'),(4558,'2027-08-28'),(4559,'2027-08-29'),(4560,'2027-08-30'),(4561,'2027-08-31'),(4562,'2027-09-01'),(4563,'2027-09-02'),(4564,'2027-09-03'),(4565,'2027-09-04'),(4566,'2027-09-05'),(4567,'2027-09-06'),(4568,'2027-09-07'),(4569,'2027-09-08'),(4570,'2027-09-09'),(4571,'2027-09-10'),(4572,'2027-09-11'),(4573,'2027-09-12'),(4574,'2027-09-13'),(4575,'2027-09-14'),(4576,'2027-09-15'),(4577,'2027-09-16'),(4578,'2027-09-17'),(4579,'2027-09-18'),(4580,'2027-09-19'),(4581,'2027-09-20'),(4582,'2027-09-21'),(4583,'2027-09-22'),(4584,'2027-09-23'),(4585,'2027-09-24'),(4586,'2027-09-25'),(4587,'2027-09-26'),(4588,'2027-09-27'),(4589,'2027-09-28'),(4590,'2027-09-29'),(4591,'2027-09-30'),(4592,'2027-10-01'),(4593,'2027-10-02'),(4594,'2027-10-03'),(4595,'2027-10-04'),(4596,'2027-10-05'),(4597,'2027-10-06'),(4598,'2027-10-07'),(4599,'2027-10-08'),(4600,'2027-10-09'),(4601,'2027-10-10'),(4602,'2027-10-11'),(4603,'2027-10-12'),(4604,'2027-10-13'),(4605,'2027-10-14'),(4606,'2027-10-15'),(4607,'2027-10-16'),(4608,'2027-10-17'),(4609,'2027-10-18'),(4610,'2027-10-19'),(4611,'2027-10-20'),(4612,'2027-10-21'),(4613,'2027-10-22'),(4614,'2027-10-23'),(4615,'2027-10-24'),(4616,'2027-10-25'),(4617,'2027-10-26'),(4618,'2027-10-27'),(4619,'2027-10-28'),(4620,'2027-10-29'),(4621,'2027-10-30'),(4622,'2027-10-31'),(4623,'2027-11-01'),(4624,'2027-11-02'),(4625,'2027-11-03'),(4626,'2027-11-04'),(4627,'2027-11-05'),(4628,'2027-11-06'),(4629,'2027-11-07'),(4630,'2027-11-08'),(4631,'2027-11-09'),(4632,'2027-11-10'),(4633,'2027-11-11'),(4634,'2027-11-12'),(4635,'2027-11-13'),(4636,'2027-11-14'),(4637,'2027-11-15'),(4638,'2027-11-16'),(4639,'2027-11-17'),(4640,'2027-11-18'),(4641,'2027-11-19'),(4642,'2027-11-20'),(4643,'2027-11-21'),(4644,'2027-11-22'),(4645,'2027-11-23'),(4646,'2027-11-24'),(4647,'2027-11-25'),(4648,'2027-11-26'),(4649,'2027-11-27'),(4650,'2027-11-28'),(4651,'2027-11-29'),(4652,'2027-11-30'),(4653,'2027-12-01'),(4654,'2027-12-02'),(4655,'2027-12-03'),(4656,'2027-12-04'),(4657,'2027-12-05'),(4658,'2027-12-06'),(4659,'2027-12-07'),(4660,'2027-12-08'),(4661,'2027-12-09'),(4662,'2027-12-10'),(4663,'2027-12-11'),(4664,'2027-12-12'),(4665,'2027-12-13'),(4666,'2027-12-14'),(4667,'2027-12-15'),(4668,'2027-12-16'),(4669,'2027-12-17'),(4670,'2027-12-18'),(4671,'2027-12-19'),(4672,'2027-12-20'),(4673,'2027-12-21'),(4674,'2027-12-22'),(4675,'2027-12-23'),(4676,'2027-12-24'),(4677,'2027-12-25'),(4678,'2027-12-26'),(4679,'2027-12-27'),(4680,'2027-12-28'),(4681,'2027-12-29'),(4682,'2027-12-30'),(4683,'2027-12-31'),(4684,'2028-01-01'),(4685,'2028-01-02'),(4686,'2028-01-03'),(4687,'2028-01-04'),(4688,'2028-01-05'),(4689,'2028-01-06'),(4690,'2028-01-07'),(4691,'2028-01-08'),(4692,'2028-01-09'),(4693,'2028-01-10'),(4694,'2028-01-11'),(4695,'2028-01-12'),(4696,'2028-01-13'),(4697,'2028-01-14'),(4698,'2028-01-15'),(4699,'2028-01-16'),(4700,'2028-01-17'),(4701,'2028-01-18'),(4702,'2028-01-19'),(4703,'2028-01-20'),(4704,'2028-01-21'),(4705,'2028-01-22'),(4706,'2028-01-23'),(4707,'2028-01-24'),(4708,'2028-01-25'),(4709,'2028-01-26'),(4710,'2028-01-27'),(4711,'2028-01-28'),(4712,'2028-01-29'),(4713,'2028-01-30'),(4714,'2028-01-31'),(4715,'2028-02-01'),(4716,'2028-02-02'),(4717,'2028-02-03'),(4718,'2028-02-04'),(4719,'2028-02-05'),(4720,'2028-02-06'),(4721,'2028-02-07'),(4722,'2028-02-08'),(4723,'2028-02-09'),(4724,'2028-02-10'),(4725,'2028-02-11'),(4726,'2028-02-12'),(4727,'2028-02-13'),(4728,'2028-02-14'),(4729,'2028-02-15'),(4730,'2028-02-16'),(4731,'2028-02-17'),(4732,'2028-02-18'),(4733,'2028-02-19'),(4734,'2028-02-20'),(4735,'2028-02-21'),(4736,'2028-02-22'),(4737,'2028-02-23'),(4738,'2028-02-24'),(4739,'2028-02-25'),(4740,'2028-02-26');
/*!40000 ALTER TABLE `calendar` ENABLE KEYS */;
UNLOCK TABLES;

--
-- Table structure for table `fingerprint_quarterly_monitor`
--

DROP TABLE IF EXISTS `fingerprint_quarterly_monitor`;
/*!40101 SET @saved_cs_client     = @@character_set_client */;
/*!40101 SET character_set_client = utf8 */;
CREATE TABLE `fingerprint_quarterly_monitor` (
  `id` bigint(20) NOT NULL AUTO_INCREMENT,
  `user_id` bigint(20) NOT NULL,
  `calendar_id` bigint(20) NOT NULL,
  `quarter_hour_checkpoint_id` int(11) NOT NULL,
  `quantity` bigint(20) NOT NULL DEFAULT '0',
  PRIMARY KEY (`id`),
  UNIQUE KEY `index001` (`user_id`,`calendar_id`,`quarter_hour_checkpoint_id`),
  KEY `calendar_id` (`calendar_id`),
  KEY `quarter_hour_checkpoint_id` (`quarter_hour_checkpoint_id`),
  CONSTRAINT `fingerprint_quarterly_monitor_ibfk_1` FOREIGN KEY (`user_id`) REFERENCES `user` (`id`) ON DELETE CASCADE ON UPDATE CASCADE,
  CONSTRAINT `fingerprint_quarterly_monitor_ibfk_2` FOREIGN KEY (`calendar_id`) REFERENCES `calendar` (`id`) ON DELETE CASCADE ON UPDATE CASCADE,
  CONSTRAINT `fingerprint_quarterly_monitor_ibfk_3` FOREIGN KEY (`quarter_hour_checkpoint_id`) REFERENCES `quarter_hour_checkpoint` (`id`) ON DELETE CASCADE ON UPDATE CASCADE
) ENGINE=InnoDB DEFAULT CHARSET=latin1;
/*!40101 SET character_set_client = @saved_cs_client */;

--
-- Dumping data for table `fingerprint_quarterly_monitor`
--

LOCK TABLES `fingerprint_quarterly_monitor` WRITE;
/*!40000 ALTER TABLE `fingerprint_quarterly_monitor` DISABLE KEYS */;
/*!40000 ALTER TABLE `fingerprint_quarterly_monitor` ENABLE KEYS */;
UNLOCK TABLES;

--
-- Table structure for table `hour_checkpoint`
--

DROP TABLE IF EXISTS `hour_checkpoint`;
/*!40101 SET @saved_cs_client     = @@character_set_client */;
/*!40101 SET character_set_client = utf8 */;
CREATE TABLE `hour_checkpoint` (
  `id` int(11) NOT NULL AUTO_INCREMENT,
  `checkpoint` time NOT NULL,
  PRIMARY KEY (`id`),
  UNIQUE KEY `checkpoint` (`checkpoint`)
) ENGINE=InnoDB AUTO_INCREMENT=25 DEFAULT CHARSET=latin1;
/*!40101 SET character_set_client = @saved_cs_client */;

--
-- Dumping data for table `hour_checkpoint`
--

LOCK TABLES `hour_checkpoint` WRITE;
/*!40000 ALTER TABLE `hour_checkpoint` DISABLE KEYS */;
INSERT INTO `hour_checkpoint` VALUES (1,'00:00:00'),(2,'01:00:00'),(3,'02:00:00'),(4,'03:00:00'),(5,'04:00:00'),(6,'05:00:00'),(7,'06:00:00'),(8,'07:00:00'),(9,'08:00:00'),(10,'09:00:00'),(11,'10:00:00'),(12,'11:00:00'),(13,'12:00:00'),(14,'13:00:00'),(15,'14:00:00'),(16,'15:00:00'),(17,'16:00:00'),(18,'17:00:00'),(19,'18:00:00'),(20,'19:00:00'),(21,'20:00:00'),(22,'21:00:00'),(23,'22:00:00'),(24,'23:00:00');
/*!40000 ALTER TABLE `hour_checkpoint` ENABLE KEYS */;
UNLOCK TABLES;

--
-- Table structure for table `monthly_checkpoint`
--

DROP TABLE IF EXISTS `monthly_checkpoint`;
/*!40101 SET @saved_cs_client     = @@character_set_client */;
/*!40101 SET character_set_client = utf8 */;
CREATE TABLE `monthly_checkpoint` (
  `id` bigint(20) NOT NULL AUTO_INCREMENT,
  `checkpoint_date` date NOT NULL,
  PRIMARY KEY (`id`),
  UNIQUE KEY `checkpoint_date` (`checkpoint_date`)
) ENGINE=InnoDB AUTO_INCREMENT=37 DEFAULT CHARSET=latin1;
/*!40101 SET character_set_client = @saved_cs_client */;

--
-- Dumping data for table `monthly_checkpoint`
--

LOCK TABLES `monthly_checkpoint` WRITE;
/*!40000 ALTER TABLE `monthly_checkpoint` DISABLE KEYS */;
INSERT INTO `monthly_checkpoint` VALUES (1,'2015-03-01'),(2,'2015-04-01'),(3,'2015-05-01'),(4,'2015-06-01'),(5,'2015-07-01'),(6,'2015-08-01'),(7,'2015-09-01'),(8,'2015-10-01'),(9,'2015-11-01'),(10,'2015-12-01'),(11,'2016-01-01'),(12,'2016-02-01'),(13,'2016-03-01'),(14,'2016-04-01'),(15,'2016-05-01'),(16,'2016-06-01'),(17,'2016-07-01'),(18,'2016-08-01'),(19,'2016-09-01'),(20,'2016-10-01'),(21,'2016-11-01'),(22,'2016-12-01'),(23,'2017-01-01'),(24,'2017-02-01'),(25,'2017-03-01'),(26,'2017-04-01'),(27,'2017-05-01'),(28,'2017-06-01'),(29,'2017-07-01'),(30,'2017-08-01'),(31,'2017-09-01'),(32,'2017-10-01'),(33,'2017-11-01'),(34,'2017-12-01'),(35,'2018-01-01'),(36,'2018-02-01');
/*!40000 ALTER TABLE `monthly_checkpoint` ENABLE KEYS */;
UNLOCK TABLES;

--
-- Table structure for table `quarter_hour_checkpoint`
--

DROP TABLE IF EXISTS `quarter_hour_checkpoint`;
/*!40101 SET @saved_cs_client     = @@character_set_client */;
/*!40101 SET character_set_client = utf8 */;
CREATE TABLE `quarter_hour_checkpoint` (
  `id` int(11) NOT NULL AUTO_INCREMENT,
  `checkpoint` time NOT NULL,
  PRIMARY KEY (`id`),
  UNIQUE KEY `checkpoint` (`checkpoint`)
) ENGINE=InnoDB AUTO_INCREMENT=97 DEFAULT CHARSET=latin1;
/*!40101 SET character_set_client = @saved_cs_client */;

--
-- Dumping data for table `quarter_hour_checkpoint`
--

LOCK TABLES `quarter_hour_checkpoint` WRITE;
/*!40000 ALTER TABLE `quarter_hour_checkpoint` DISABLE KEYS */;
INSERT INTO `quarter_hour_checkpoint` VALUES (1,'00:00:00'),(2,'00:15:00'),(3,'00:30:00'),(4,'00:45:00'),(5,'01:00:00'),(6,'01:15:00'),(7,'01:30:00'),(8,'01:45:00'),(9,'02:00:00'),(10,'02:15:00'),(11,'02:30:00'),(12,'02:45:00'),(13,'03:00:00'),(14,'03:15:00'),(15,'03:30:00'),(16,'03:45:00'),(17,'04:00:00'),(18,'04:15:00'),(19,'04:30:00'),(20,'04:45:00'),(21,'05:00:00'),(22,'05:15:00'),(23,'05:30:00'),(24,'05:45:00'),(25,'06:00:00'),(26,'06:15:00'),(27,'06:30:00'),(28,'06:45:00'),(29,'07:00:00'),(30,'07:15:00'),(31,'07:30:00'),(32,'07:45:00'),(33,'08:00:00'),(34,'08:15:00'),(35,'08:30:00'),(36,'08:45:00'),(37,'09:00:00'),(38,'09:15:00'),(39,'09:30:00'),(40,'09:45:00'),(41,'10:00:00'),(42,'10:15:00'),(43,'10:30:00'),(44,'10:45:00'),(45,'11:00:00'),(46,'11:15:00'),(47,'11:30:00'),(48,'11:45:00'),(49,'12:00:00'),(50,'12:15:00'),(51,'12:30:00'),(52,'12:45:00'),(53,'13:00:00'),(54,'13:15:00'),(55,'13:30:00'),(56,'13:45:00'),(57,'14:00:00'),(58,'14:15:00'),(59,'14:30:00'),(60,'14:45:00'),(61,'15:00:00'),(62,'15:15:00'),(63,'15:30:00'),(64,'15:45:00'),(65,'16:00:00'),(66,'16:15:00'),(67,'16:30:00'),(68,'16:45:00'),(69,'17:00:00'),(70,'17:15:00'),(71,'17:30:00'),(72,'17:45:00'),(73,'18:00:00'),(74,'18:15:00'),(75,'18:30:00'),(76,'18:45:00'),(77,'19:00:00'),(78,'19:15:00'),(79,'19:30:00'),(80,'19:45:00'),(81,'20:00:00'),(82,'20:15:00'),(83,'20:30:00'),(84,'20:45:00'),(85,'21:00:00'),(86,'21:15:00'),(87,'21:30:00'),(88,'21:45:00'),(89,'22:00:00'),(90,'22:15:00'),(91,'22:30:00'),(92,'22:45:00'),(93,'23:00:00'),(94,'23:15:00'),(95,'23:30:00'),(96,'23:45:00');
/*!40000 ALTER TABLE `quarter_hour_checkpoint` ENABLE KEYS */;
UNLOCK TABLES;

--
-- Table structure for table `trans_daily_monitor`
--

DROP TABLE IF EXISTS `trans_daily_monitor`;
/*!40101 SET @saved_cs_client     = @@character_set_client */;
/*!40101 SET character_set_client = utf8 */;
CREATE TABLE `trans_daily_monitor` (
  `id` bigint(20) NOT NULL AUTO_INCREMENT,
  `user_id` bigint(20) NOT NULL,
  `date_id` bigint(20) NOT NULL,
  `quantity` int(11) NOT NULL DEFAULT '0',
  `amount` decimal(15,2) NOT NULL DEFAULT '0.00',
  PRIMARY KEY (`id`),
  UNIQUE KEY `index001` (`user_id`,`date_id`),
  KEY `date_id` (`date_id`),
  CONSTRAINT `trans_daily_monitor_ibfk_1` FOREIGN KEY (`user_id`) REFERENCES `user` (`id`) ON DELETE CASCADE ON UPDATE CASCADE,
  CONSTRAINT `trans_daily_monitor_ibfk_2` FOREIGN KEY (`date_id`) REFERENCES `calendar` (`id`) ON DELETE CASCADE ON UPDATE CASCADE
) ENGINE=InnoDB DEFAULT CHARSET=latin1;
/*!40101 SET character_set_client = @saved_cs_client */;

--
-- Dumping data for table `trans_daily_monitor`
--

LOCK TABLES `trans_daily_monitor` WRITE;
/*!40000 ALTER TABLE `trans_daily_monitor` DISABLE KEYS */;
/*!40000 ALTER TABLE `trans_daily_monitor` ENABLE KEYS */;
UNLOCK TABLES;

--
-- Table structure for table `trans_hourly_monitor`
--

DROP TABLE IF EXISTS `trans_hourly_monitor`;
/*!40101 SET @saved_cs_client     = @@character_set_client */;
/*!40101 SET character_set_client = utf8 */;
CREATE TABLE `trans_hourly_monitor` (
  `id` bigint(20) NOT NULL AUTO_INCREMENT,
  `user_id` bigint(20) NOT NULL,
  `calendar_id` bigint(20) NOT NULL,
  `hour_checkpoint_id` int(11) NOT NULL,
  `quantity` int(11) NOT NULL DEFAULT '0',
  `amount` decimal(15,2) NOT NULL DEFAULT '0.00',
  PRIMARY KEY (`id`),
  UNIQUE KEY `index001` (`user_id`,`calendar_id`,`hour_checkpoint_id`),
  KEY `calendar_id` (`calendar_id`),
  KEY `hour_checkpoint_id` (`hour_checkpoint_id`),
  CONSTRAINT `trans_hourly_monitor_ibfk_1` FOREIGN KEY (`user_id`) REFERENCES `user` (`id`) ON DELETE CASCADE ON UPDATE CASCADE,
  CONSTRAINT `trans_hourly_monitor_ibfk_2` FOREIGN KEY (`calendar_id`) REFERENCES `calendar` (`id`) ON DELETE CASCADE ON UPDATE CASCADE,
  CONSTRAINT `trans_hourly_monitor_ibfk_3` FOREIGN KEY (`hour_checkpoint_id`) REFERENCES `hour_checkpoint` (`id`) ON DELETE CASCADE ON UPDATE CASCADE
) ENGINE=InnoDB DEFAULT CHARSET=latin1;
/*!40101 SET character_set_client = @saved_cs_client */;

--
-- Dumping data for table `trans_hourly_monitor`
--

LOCK TABLES `trans_hourly_monitor` WRITE;
/*!40000 ALTER TABLE `trans_hourly_monitor` DISABLE KEYS */;
/*!40000 ALTER TABLE `trans_hourly_monitor` ENABLE KEYS */;
UNLOCK TABLES;

--
-- Table structure for table `trans_monthly_monitor`
--

DROP TABLE IF EXISTS `trans_monthly_monitor`;
/*!40101 SET @saved_cs_client     = @@character_set_client */;
/*!40101 SET character_set_client = utf8 */;
CREATE TABLE `trans_monthly_monitor` (
  `id` bigint(20) NOT NULL AUTO_INCREMENT,
  `user_id` bigint(20) NOT NULL,
  `monthly_checkpoint_id` bigint(20) NOT NULL,
  `quantity` int(11) NOT NULL DEFAULT '0',
  `amount` decimal(15,2) NOT NULL DEFAULT '0.00',
  PRIMARY KEY (`id`),
  UNIQUE KEY `index001` (`user_id`,`monthly_checkpoint_id`),
  KEY `monthly_checkpoint_id` (`monthly_checkpoint_id`),
  CONSTRAINT `trans_monthly_monitor_ibfk_1` FOREIGN KEY (`user_id`) REFERENCES `user` (`id`) ON DELETE CASCADE ON UPDATE CASCADE,
  CONSTRAINT `trans_monthly_monitor_ibfk_2` FOREIGN KEY (`monthly_checkpoint_id`) REFERENCES `monthly_checkpoint` (`id`) ON DELETE CASCADE ON UPDATE CASCADE
) ENGINE=InnoDB DEFAULT CHARSET=latin1;
/*!40101 SET character_set_client = @saved_cs_client */;

--
-- Dumping data for table `trans_monthly_monitor`
--

LOCK TABLES `trans_monthly_monitor` WRITE;
/*!40000 ALTER TABLE `trans_monthly_monitor` DISABLE KEYS */;
/*!40000 ALTER TABLE `trans_monthly_monitor` ENABLE KEYS */;
UNLOCK TABLES;

--
-- Table structure for table `trans_quarterly_monitor`
--

DROP TABLE IF EXISTS `trans_quarterly_monitor`;
/*!40101 SET @saved_cs_client     = @@character_set_client */;
/*!40101 SET character_set_client = utf8 */;
CREATE TABLE `trans_quarterly_monitor` (
  `id` bigint(20) NOT NULL AUTO_INCREMENT,
  `user_id` bigint(20) NOT NULL,
  `calendar_id` bigint(20) NOT NULL,
  `quarter_hour_checkpoint_id` int(11) NOT NULL,
  `quantity` int(11) NOT NULL DEFAULT '0',
  `amount` decimal(15,2) NOT NULL DEFAULT '0.00',
  PRIMARY KEY (`id`),
  UNIQUE KEY `index001` (`user_id`,`calendar_id`,`quarter_hour_checkpoint_id`),
  KEY `calendar_id` (`calendar_id`),
  KEY `quarter_hour_checkpoint_id` (`quarter_hour_checkpoint_id`),
  CONSTRAINT `trans_quarterly_monitor_ibfk_1` FOREIGN KEY (`user_id`) REFERENCES `user` (`id`) ON DELETE CASCADE ON UPDATE CASCADE,
  CONSTRAINT `trans_quarterly_monitor_ibfk_2` FOREIGN KEY (`calendar_id`) REFERENCES `calendar` (`id`) ON DELETE CASCADE ON UPDATE CASCADE,
  CONSTRAINT `trans_quarterly_monitor_ibfk_3` FOREIGN KEY (`quarter_hour_checkpoint_id`) REFERENCES `quarter_hour_checkpoint` (`id`) ON DELETE CASCADE ON UPDATE CASCADE
) ENGINE=InnoDB AUTO_INCREMENT=697 DEFAULT CHARSET=latin1;
/*!40101 SET character_set_client = @saved_cs_client */;

--
-- Dumping data for table `trans_quarterly_monitor`
--

LOCK TABLES `trans_quarterly_monitor` WRITE;
/*!40000 ALTER TABLE `trans_quarterly_monitor` DISABLE KEYS */;
INSERT INTO `trans_quarterly_monitor` VALUES (161,1210,179,47,97,38789.72),(162,82243,179,47,0,0.00),(163,1210,179,48,117,26005.62),(164,82243,179,48,15,5266.50),(165,1210,179,49,70,31826.27),(166,82243,179,49,10,4008.80),(167,1210,179,50,76,29768.31),(168,82243,179,50,14,4305.27),(169,1210,179,51,91,38731.84),(170,82243,179,51,4,1899.73),(171,1210,179,52,79,26233.24),(172,82243,179,52,10,1715.71),(173,1210,179,53,87,23800.84),(174,82243,179,53,11,4762.46),(175,1210,179,54,82,30374.92),(176,82243,179,54,8,4214.40),(177,373128,179,54,33,5994.00),(178,1210,179,55,82,21866.59),(179,82243,179,55,17,7283.53),(180,373128,179,55,27,4005.00),(181,1210,179,56,79,22213.91),(182,82243,179,56,7,3762.46),(183,373128,179,56,25,7312.00),(184,1210,179,57,113,36230.83),(185,82243,179,57,17,4969.69),(186,280691,179,57,15,3198.49),(187,373128,179,57,28,7325.00),(188,1210,179,58,108,25250.48),(189,82243,179,58,9,2133.94),(190,280691,179,58,12,2718.38),(191,373128,179,58,22,6142.00),(192,1210,179,59,70,22689.90),(193,82243,179,59,13,4587.39),(194,280691,179,59,11,4280.92),(195,373128,179,59,47,12877.00),(196,1210,179,60,99,30688.54),(197,82243,179,60,9,3663.86),(198,280691,179,60,25,5127.49),(199,373128,179,60,27,5439.50),(200,1210,179,61,84,17122.52),(201,82243,179,61,14,7886.40),(202,105668,179,61,85,11508.69),(203,280691,179,61,17,3252.60),(204,373128,179,61,29,6900.00),(205,1210,179,62,101,39412.96),(206,82243,179,62,11,1698.03),(207,84152,179,62,4,903.00),(208,105668,179,62,92,12277.62),(209,280691,179,62,13,2901.47),(210,373128,179,62,24,7319.00),(211,1210,179,63,84,23098.92),(212,82243,179,63,10,3888.46),(213,84152,179,63,10,5487.00),(214,105668,179,63,77,11947.65),(215,280691,179,63,6,993.53),(216,373128,179,63,23,6106.00),(217,1210,179,64,71,20747.20),(218,82243,179,64,6,4370.92),(219,84152,179,64,9,6507.00),(220,105668,179,64,36,4814.05),(221,280691,179,64,10,1602.48),(222,373128,179,64,31,10550.00),(223,1210,179,66,0,0.00),(224,82243,179,66,10,4331.38),(225,84152,179,66,12,8548.41),(226,105668,179,66,73,8935.81),(227,280691,179,66,10,1759.01),(228,373128,179,66,29,6850.00),(229,1210,179,67,3,3292.17),(230,82243,179,67,16,11262.68),(231,84152,179,67,5,1655.00),(232,105668,179,67,69,8203.94),(233,280691,179,67,16,4629.27),(234,373128,179,67,38,8669.00),(235,1210,179,68,118,38060.37),(236,82243,179,68,7,1614.20),(237,84152,179,68,3,1719.00),(238,105668,179,68,36,3705.25),(239,280691,179,68,13,2839.53),(240,373128,179,68,21,4972.00),(241,1210,179,69,116,38942.46),(242,82243,179,69,14,7294.88),(243,84152,179,69,8,3498.82),(244,105668,179,69,75,8164.53),(245,280691,179,69,11,3469.96),(246,373128,179,69,28,6437.00),(247,1210,179,70,98,35118.50),(248,82243,179,70,6,1054.60),(249,84152,179,70,2,2070.00),(250,105668,179,70,68,7430.19),(251,280691,179,70,13,2088.05),(252,373128,179,70,28,6873.00),(253,1210,179,71,118,43542.86),(254,82243,179,71,16,42211.19),(255,84152,179,71,5,3793.50),(256,105668,179,71,73,9970.82),(257,280691,179,71,23,4901.18),(258,373128,179,71,32,9321.00),(259,1210,179,72,83,26957.00),(260,82243,179,72,12,1505.05),(261,84152,179,72,11,7647.60),(262,105668,179,72,74,7805.35),(263,280691,179,72,21,6565.89),(264,373128,179,72,34,10814.00),(265,1210,179,73,74,14796.64),(266,82243,179,73,13,7683.19),(267,84152,179,73,7,7890.50),(268,105668,179,73,80,9194.28),(269,280691,179,73,11,2998.60),(270,373128,179,73,16,4188.00),(271,1210,179,74,90,26243.19),(272,82243,179,74,5,565.11),(273,84152,179,74,7,4588.30),(274,105668,179,74,37,3821.10),(275,280691,179,74,8,2277.70),(276,373128,179,74,23,5284.20),(277,1210,179,75,76,20248.78),(278,82243,179,75,7,6263.67),(279,84152,179,75,0,0.00),(280,105668,179,75,71,9848.53),(281,280691,179,75,10,1909.19),(282,373128,179,75,21,5053.00),(283,1210,179,77,70,24828.06),(284,82243,179,77,6,4897.71),(285,84152,179,77,8,4032.00),(286,105668,179,77,49,5668.59),(287,280691,179,77,10,1832.42),(288,373128,179,77,21,3873.00),(289,1210,179,78,86,25594.42),(290,82243,179,78,10,5339.19),(291,84152,179,78,5,3963.00),(292,105668,179,78,73,9702.78),(293,280691,179,78,8,871.53),(294,373128,179,78,14,4066.00),(295,1210,179,79,56,11683.90),(296,82243,179,79,4,2860.54),(297,84152,179,79,1,128.00),(298,105668,179,79,42,4768.78),(299,280691,179,79,7,1285.37),(300,373128,179,79,19,3808.00),(301,1210,179,80,97,26934.99),(302,82243,179,80,9,1704.13),(303,84152,179,80,11,12807.10),(304,105668,179,80,42,4708.48),(305,280691,179,80,8,4049.90),(306,373128,179,80,19,3469.00),(307,1210,179,81,73,18839.76),(308,82243,179,81,12,5239.96),(309,84152,179,81,7,4525.00),(310,105668,179,81,73,7872.04),(311,280691,179,81,10,3596.07),(312,373128,179,81,20,4173.60),(313,1210,179,82,93,25157.48),(314,82243,179,82,7,446.10),(315,84152,179,82,6,6833.50),(316,105668,179,82,78,10883.22),(317,280691,179,82,6,1200.11),(318,373128,179,82,16,2605.00),(319,1210,179,83,71,16693.56),(320,82243,179,83,9,6997.02),(321,84152,179,83,6,4026.50),(322,105668,179,83,37,5321.78),(323,280691,179,83,13,2425.85),(324,373128,179,83,23,4326.00),(325,1210,179,84,89,27278.78),(326,82243,179,84,6,7934.81),(327,84152,179,84,5,1883.00),(328,105668,179,84,69,7923.99),(329,280691,179,84,8,1097.47),(330,373128,179,84,10,2071.00),(331,1210,179,87,94,25921.78),(332,82243,179,87,7,2777.22),(333,84152,179,87,8,3017.10),(334,105668,179,87,35,4875.56),(335,280691,179,87,6,1743.81),(336,373128,179,87,30,7037.00),(337,1210,179,89,111,24082.16),(338,82243,179,89,10,4307.91),(339,84152,179,89,2,1834.00),(340,105668,179,89,75,10680.39),(341,280691,179,89,10,2853.33),(342,373128,179,89,18,4498.00),(343,1210,179,90,110,43967.12),(344,82243,179,90,26,10983.01),(345,84152,179,90,10,6311.43),(346,105668,179,90,67,7762.11),(347,280691,179,90,9,1486.27),(348,373128,179,90,19,3069.00),(349,1210,179,91,93,16857.10),(350,82243,179,91,11,5038.97),(351,84152,179,91,13,7049.17),(352,105668,179,91,65,6967.68),(353,280691,179,91,12,3097.34),(354,373128,179,91,27,6445.00),(355,1210,179,92,120,24487.21),(356,82243,179,92,8,6736.93),(357,84152,179,92,8,3792.00),(358,105668,179,92,75,10170.07),(359,280691,179,92,15,2703.38),(360,373128,179,92,26,5774.00),(361,1210,179,93,81,17873.17),(362,82243,179,93,11,2609.12),(363,84152,179,93,6,5291.85),(364,105668,179,93,35,4470.89),(365,280691,179,93,9,1243.58),(366,373128,179,93,27,5769.00),(367,1210,179,94,70,18374.96),(368,82243,179,94,8,2933.77),(369,84152,179,94,11,6424.00),(370,105668,179,94,34,4899.21),(371,280691,179,94,6,1451.17),(372,373128,179,94,18,3882.00),(373,1210,179,95,84,22708.70),(374,82243,179,95,9,7164.32),(375,84152,179,95,3,1365.00),(376,105668,179,95,61,9043.17),(377,280691,179,95,5,1055.03),(378,373128,179,95,22,5799.00),(379,1210,179,96,89,13566.12),(380,82243,179,96,10,12911.91),(381,84152,179,96,7,7858.00),(382,105668,179,96,24,3756.44),(383,280691,179,96,2,305.90),(384,373128,179,96,14,4348.00),(385,1210,180,1,54,14290.77),(386,82243,180,1,7,646.94),(387,84152,180,1,4,2402.20),(388,105668,180,1,29,3633.60),(389,280691,180,1,2,396.04),(390,373128,180,1,19,6622.00),(391,1210,180,2,214,39676.44),(392,82243,180,2,10,10467.50),(393,84152,180,2,0,0.00),(394,105668,180,2,20,3539.57),(395,280691,180,2,6,1567.21),(396,373128,180,2,16,4142.00),(397,1210,180,4,221,29115.69),(398,82243,180,4,2,428.07),(399,84152,180,4,3,1741.00),(400,105668,180,4,17,1492.45),(401,280691,180,4,2,840.70),(402,373128,180,4,11,1844.00),(403,1210,180,5,195,31025.43),(404,82243,180,5,3,316.81),(405,84152,180,5,2,557.00),(406,105668,180,5,22,4114.38),(407,280691,180,5,1,101.00),(408,373128,180,5,7,2909.00),(409,1210,180,6,215,40729.90),(410,82243,180,6,5,613.42),(411,84152,180,6,1,1540.00),(412,105668,180,6,8,1240.75),(413,280691,180,6,56,7640.48),(414,373128,180,6,9,2517.00),(415,1210,180,7,214,23321.17),(416,82243,180,7,3,4897.45),(417,84152,180,7,0,0.00),(418,105668,180,7,6,1092.65),(419,280691,180,7,10,799.00),(420,373128,180,7,7,1524.00),(421,1210,180,8,216,38108.56),(422,82243,180,8,2,3239.33),(423,84152,180,8,0,0.00),(424,105668,180,8,10,970.20),(425,280691,180,8,1,42.96),(426,373128,180,8,3,429.00),(427,1210,180,9,198,43387.32),(428,82243,180,9,1,1099.00),(429,84152,180,9,1,1186.00),(430,105668,180,9,7,1170.75),(431,280691,180,9,0,0.00),(432,373128,180,9,6,856.00),(433,1210,180,10,192,29661.47),(434,82243,180,10,0,0.00),(435,84152,180,10,0,0.00),(436,105668,180,10,8,3018.38),(437,280691,180,10,1,714.00),(438,373128,180,10,3,419.00),(439,1210,180,11,183,31957.18),(440,82243,180,11,1,66.07),(441,84152,180,11,2,2815.00),(442,105668,180,11,7,1192.20),(443,280691,180,11,1,154.61),(444,373128,180,11,2,454.00),(445,1210,180,12,12,1456.14),(446,82243,180,12,3,5721.97),(447,84152,180,12,0,0.00),(448,105668,180,12,6,732.93),(449,280691,180,12,2,179.60),(450,373128,180,12,1,77.00),(451,1210,180,14,6,554.91),(452,82243,180,14,1,49.52),(453,84152,180,14,0,0.00),(454,105668,180,14,2,190.39),(455,280691,180,14,1,56.99),(456,373128,180,14,1,455.00),(457,1210,180,15,9,1163.82),(458,82243,180,15,0,0.00),(459,84152,180,15,0,0.00),(460,105668,180,15,0,0.00),(461,280691,180,15,0,0.00),(462,373128,180,15,0,0.00),(463,1210,180,16,12,1692.70),(464,82243,180,16,0,0.00),(465,84152,180,16,1,117.00),(466,105668,180,16,3,126.62),(467,280691,180,16,0,0.00),(468,373128,180,16,2,138.00),(469,1210,180,17,12,1481.48),(470,82243,180,17,1,53.40),(471,84152,180,17,1,263.00),(472,105668,180,17,1,97.35),(473,280691,180,17,0,0.00),(474,373128,180,17,2,661.00),(475,1210,180,18,20,1679.70),(476,82243,180,18,1,104.20),(477,84152,180,18,0,0.00),(478,105668,180,18,1,84.30),(479,280691,180,18,0,0.00),(480,373128,180,18,0,0.00),(481,1210,180,19,4,1661.59),(482,82243,180,19,1,327.30),(483,84152,180,19,0,0.00),(484,105668,180,19,4,813.47),(485,280691,180,19,0,0.00),(486,373128,180,19,0,0.00),(487,1210,180,20,9,1224.19),(488,82243,180,20,0,0.00),(489,84152,180,20,0,0.00),(490,105668,180,20,1,22.08),(491,280691,180,20,1,267.08),(492,373128,180,20,1,76.00),(493,1210,180,21,9,1704.40),(494,82243,180,21,0,0.00),(495,84152,180,21,1,580.00),(496,105668,180,21,3,180.75),(497,280691,180,21,0,0.00),(498,373128,180,21,2,400.00),(499,1210,180,23,6,935.61),(500,82243,180,23,0,0.00),(501,84152,180,23,0,0.00),(502,105668,180,23,0,0.00),(503,280691,180,23,0,0.00),(504,373128,180,23,1,268.00),(505,1210,180,24,13,2694.03),(506,82243,180,24,0,0.00),(507,84152,180,24,0,0.00),(508,105668,180,24,1,33.43),(509,280691,180,24,1,68.70),(510,373128,180,24,0,0.00),(511,1210,180,25,13,944.87),(512,82243,180,25,0,0.00),(513,84152,180,25,1,298.80),(514,105668,180,25,2,66.36),(515,280691,180,25,0,0.00),(516,373128,180,25,1,256.00),(517,1210,180,26,7,321.45),(518,82243,180,26,0,0.00),(519,84152,180,26,0,0.00),(520,105668,180,26,2,140.40),(521,280691,180,26,0,0.00),(522,373128,180,26,0,0.00),(523,1210,180,28,11,957.08),(524,82243,180,28,1,39.07),(525,84152,180,28,0,0.00),(526,105668,180,28,7,812.79),(527,280691,180,28,0,0.00),(528,373128,180,28,1,149.00),(529,1210,180,29,13,1536.24),(530,82243,180,29,0,0.00),(531,84152,180,29,0,0.00),(532,105668,180,29,9,1033.25),(533,280691,180,29,0,0.00),(534,373128,180,29,2,297.00),(535,1210,180,30,12,2103.89),(536,82243,180,30,1,82.80),(537,84152,180,30,2,766.34),(538,105668,180,30,7,537.28),(539,280691,180,30,0,0.00),(540,373128,180,30,6,1733.00),(541,1210,180,31,18,4776.43),(542,82243,180,31,0,0.00),(543,84152,180,31,0,0.00),(544,105668,180,31,14,1207.31),(545,280691,180,31,1,145.00),(546,373128,180,31,6,1609.00),(547,1210,180,32,26,12186.65),(548,82243,180,32,1,68.99),(549,84152,180,32,0,0.00),(550,105668,180,32,15,1686.48),(551,280691,180,32,1,98.73),(552,373128,180,32,8,1257.00),(553,1210,180,33,23,3833.28),(554,82243,180,33,5,1507.69),(555,84152,180,33,1,480.00),(556,105668,180,33,27,3236.64),(557,280691,180,33,2,335.95),(558,373128,180,33,5,867.00),(559,1210,180,34,28,8385.55),(560,82243,180,34,2,49.90),(561,84152,180,34,1,188.00),(562,105668,180,34,22,2529.14),(563,280691,180,34,4,279.84),(564,373128,180,34,14,3039.00),(565,1210,180,35,44,12529.54),(566,82243,180,35,5,3333.13),(567,84152,180,35,0,0.00),(568,105668,180,35,27,3902.40),(569,280691,180,35,2,579.34),(570,373128,180,35,10,1834.00),(571,1210,180,36,51,11162.93),(572,82243,180,36,3,1266.80),(573,84152,180,36,6,3053.00),(574,105668,180,36,30,3747.83),(575,280691,180,36,7,867.85),(576,373128,180,36,17,3474.00),(577,1210,180,37,46,12889.16),(578,82243,180,37,5,5080.70),(579,84152,180,37,3,2747.00),(580,105668,180,37,70,9579.28),(581,280691,180,37,8,1189.50),(582,373128,180,37,18,3103.00),(583,1210,180,38,59,83240.05),(584,82243,180,38,4,443.08),(585,84152,180,38,6,2963.33),(586,105668,180,38,36,4822.05),(587,280691,180,38,6,1114.65),(588,373128,180,38,27,4695.00),(589,1210,180,39,76,22004.82),(590,82243,180,39,12,11994.14),(591,84152,180,39,7,3552.00),(592,105668,180,39,61,6048.53),(593,280691,180,39,5,1479.67),(594,373128,180,39,19,3539.00),(595,1210,180,40,81,33574.04),(596,82243,180,40,6,2817.60),(597,84152,180,40,9,4372.48),(598,105668,180,40,69,8338.10),(599,280691,180,40,7,1468.22),(600,373128,180,40,24,6108.00),(601,1210,180,41,77,23931.67),(602,82243,180,41,16,11387.32),(603,84152,180,41,3,1205.00),(604,105668,180,41,70,8084.92),(605,280691,180,41,13,2022.38),(606,373128,180,41,29,6992.00),(607,1210,180,42,75,24545.37),(608,82243,180,42,8,4250.88),(609,84152,180,42,6,2700.00),(610,105668,180,42,72,9283.14),(611,280691,180,42,201,33648.17),(612,373128,180,42,22,4190.00),(613,1210,180,43,78,26264.35),(614,82243,180,43,17,11470.72),(615,84152,180,43,1,412.00),(616,105668,180,43,43,5324.23),(617,280691,180,43,9,2204.72),(618,373128,180,43,34,6922.00),(619,1210,180,44,129,36638.69),(620,82243,180,44,8,678.77),(621,84152,180,44,4,1714.00),(622,105668,180,44,65,8988.71),(623,280691,180,44,9,3586.84),(624,373128,180,44,25,5690.00),(625,1210,180,45,1,252.00),(626,82243,180,45,0,0.00),(627,84152,180,45,6,2855.05),(628,105668,180,45,68,7436.93),(629,280691,180,45,10,1226.39),(630,373128,180,45,26,4633.00),(631,1210,180,46,3,2097.69),(632,82243,180,46,0,0.00),(633,84152,180,46,5,3455.71),(634,105668,180,46,74,11086.79),(635,280691,180,46,16,4659.49),(636,373128,180,46,35,9716.00),(637,1210,180,47,9,2108.03),(638,82243,180,47,0,0.00),(639,84152,180,47,9,4263.33),(640,105668,180,47,101,12702.49),(641,280691,180,47,23,3543.52),(642,373128,180,47,30,6009.00),(643,1210,180,48,378,112388.60),(644,82243,180,48,39,19279.94),(645,84152,180,48,1,2495.00),(646,105668,180,48,62,8132.71),(647,280691,180,48,13,3471.16),(648,373128,180,48,24,4968.00),(649,1210,180,49,12,3318.22),(650,82243,180,49,1,9.80),(651,84152,180,49,5,1378.71),(652,105668,180,49,44,5639.27),(653,280691,180,49,14,3090.52),(654,373128,180,49,20,3099.00),(655,1210,180,50,160,60232.19),(656,82243,180,50,11,10651.81),(657,84152,180,50,10,4240.41),(658,105668,180,50,67,8730.05),(659,280691,180,50,8,1202.81),(660,373128,180,50,36,8126.00),(661,1210,180,51,7,831.00),(662,82243,180,51,0,0.00),(663,84152,180,51,3,1579.00),(664,105668,180,51,70,9181.02),(665,280691,180,51,8,1424.69),(666,373128,180,51,20,5754.00),(667,1210,180,52,175,70055.56),(668,82243,180,52,23,14103.32),(669,84152,180,52,3,1404.00),(670,105668,180,52,45,5680.49),(671,280691,180,52,13,2361.77),(672,373128,180,52,23,6433.00),(673,1210,180,53,156,54509.44),(674,82243,180,53,12,2659.68),(675,84152,180,53,8,3655.54),(676,105668,180,53,73,10334.97),(677,280691,180,53,14,2541.84),(678,373128,180,53,20,6166.00),(679,1210,180,54,84,27827.23),(680,82243,180,54,6,1691.38),(681,84152,180,54,7,3888.00),(682,105668,180,54,57,6878.70),(683,280691,180,54,20,6664.55),(684,373128,180,54,18,3537.00),(685,1210,180,55,89,17709.84),(686,82243,180,55,7,3486.92),(687,84152,180,55,15,6915.87),(688,105668,180,55,97,11966.76),(689,280691,180,55,19,4945.16),(690,373128,180,55,29,6635.00),(691,1210,180,56,108,30472.84),(692,82243,180,56,4,1495.00),(693,84152,180,56,5,2032.20),(694,105668,180,56,75,9095.22),(695,280691,180,56,16,3466.64),(696,373128,180,56,14,5644.00);
/*!40000 ALTER TABLE `trans_quarterly_monitor` ENABLE KEYS */;
UNLOCK TABLES;

--
-- Table structure for table `trans_weekly_monitor`
--

DROP TABLE IF EXISTS `trans_weekly_monitor`;
/*!40101 SET @saved_cs_client     = @@character_set_client */;
/*!40101 SET character_set_client = utf8 */;
CREATE TABLE `trans_weekly_monitor` (
  `id` bigint(20) NOT NULL AUTO_INCREMENT,
  `user_id` bigint(20) NOT NULL,
  `weekly_checkpoint_id` bigint(20) NOT NULL,
  `quantity` int(11) NOT NULL DEFAULT '0',
  `amount` decimal(15,2) NOT NULL DEFAULT '0.00',
  PRIMARY KEY (`id`),
  UNIQUE KEY `index001` (`user_id`,`weekly_checkpoint_id`),
  KEY `weekly_checkpoint_id` (`weekly_checkpoint_id`),
  CONSTRAINT `trans_weekly_monitor_ibfk_1` FOREIGN KEY (`user_id`) REFERENCES `user` (`id`) ON DELETE CASCADE ON UPDATE CASCADE,
  CONSTRAINT `trans_weekly_monitor_ibfk_2` FOREIGN KEY (`weekly_checkpoint_id`) REFERENCES `weekly_checkpoint` (`id`) ON DELETE CASCADE ON UPDATE CASCADE
) ENGINE=InnoDB DEFAULT CHARSET=latin1;
/*!40101 SET character_set_client = @saved_cs_client */;

--
-- Dumping data for table `trans_weekly_monitor`
--

LOCK TABLES `trans_weekly_monitor` WRITE;
/*!40000 ALTER TABLE `trans_weekly_monitor` DISABLE KEYS */;
/*!40000 ALTER TABLE `trans_weekly_monitor` ENABLE KEYS */;
UNLOCK TABLES;

--
-- Table structure for table `user`
--

DROP TABLE IF EXISTS `user`;
/*!40101 SET @saved_cs_client     = @@character_set_client */;
/*!40101 SET character_set_client = utf8 */;
CREATE TABLE `user` (
  `id` bigint(20) NOT NULL,
  `name` varchar(100) NOT NULL,
  `device_fingerprint_enabled` tinyint(1) NOT NULL,
  `is_master` tinyint(1) NOT NULL,
  `is_monitoring_enabled` tinyint(1) NOT NULL DEFAULT '1',
  `fillColor_RGBA` varchar(15) DEFAULT '220,220,220,0.2',
  `highlightFill_RGBA` varchar(15) DEFAULT '220,220,220,1',
  `highlightStroke_RGBA` varchar(15) DEFAULT '220,220,220,1',
  PRIMARY KEY (`id`)
) ENGINE=InnoDB DEFAULT CHARSET=latin1;
/*!40101 SET character_set_client = @saved_cs_client */;

--
-- Dumping data for table `user`
--

LOCK TABLES `user` WRITE;
/*!40000 ALTER TABLE `user` DISABLE KEYS */;
INSERT INTO `user` VALUES (1210,'Bcash',0,1,1,'255,0,0,0.1','255,0,0,0.3','255,0,0,0.3'),(82243,'Fnac',0,0,1,'151,187,205,0.2','151,187,205,1','151,187,205,1'),(84152,'Vivara',0,0,1,'220,220,220,0.2','220,220,220,1','220,220,220,1'),(105668,'UltraFarma',0,0,1,'0,0,255,0.1','0,0,255,0.3','0,0,255,0.3'),(280691,'Payu-Latam',0,1,1,'0,255,0,0.1','0,255,0,0.2','0,255,0,0.2'),(373128,'Sephora',0,0,1,'0,255,255,0.2','0,255,255,0.1','0,255,255,0.1');
/*!40000 ALTER TABLE `user` ENABLE KEYS */;
UNLOCK TABLES;

--
-- Table structure for table `weekly_checkpoint`
--

DROP TABLE IF EXISTS `weekly_checkpoint`;
/*!40101 SET @saved_cs_client     = @@character_set_client */;
/*!40101 SET character_set_client = utf8 */;
CREATE TABLE `weekly_checkpoint` (
  `id` bigint(20) NOT NULL AUTO_INCREMENT,
  `starting_date` date NOT NULL,
  `ending_date` date NOT NULL,
  PRIMARY KEY (`id`),
  UNIQUE KEY `starting_date` (`starting_date`),
  UNIQUE KEY `ending_date` (`ending_date`)
) ENGINE=InnoDB AUTO_INCREMENT=319 DEFAULT CHARSET=latin1;
/*!40101 SET character_set_client = @saved_cs_client */;

--
-- Dumping data for table `weekly_checkpoint`
--

LOCK TABLES `weekly_checkpoint` WRITE;
/*!40000 ALTER TABLE `weekly_checkpoint` DISABLE KEYS */;
INSERT INTO `weekly_checkpoint` VALUES (7,'2015-03-02','2015-03-08'),(8,'2015-03-09','2015-03-15'),(9,'2015-03-16','2015-03-22'),(10,'2015-03-23','2015-03-29'),(11,'2015-03-30','2015-04-05'),(12,'2015-04-06','2015-04-12'),(13,'2015-04-13','2015-04-19'),(14,'2015-04-20','2015-04-26'),(15,'2015-04-27','2015-05-03'),(16,'2015-05-04','2015-05-10'),(17,'2015-05-11','2015-05-17'),(18,'2015-05-18','2015-05-24'),(19,'2015-05-25','2015-05-31'),(20,'2015-06-01','2015-06-07'),(21,'2015-06-08','2015-06-14'),(22,'2015-06-15','2015-06-21'),(23,'2015-06-22','2015-06-28'),(24,'2015-06-29','2015-07-05'),(25,'2015-07-06','2015-07-12'),(26,'2015-07-13','2015-07-19'),(27,'2015-07-20','2015-07-26'),(28,'2015-07-27','2015-08-02'),(29,'2015-08-03','2015-08-09'),(30,'2015-08-10','2015-08-16'),(31,'2015-08-17','2015-08-23'),(32,'2015-08-24','2015-08-30'),(33,'2015-08-31','2015-09-06'),(34,'2015-09-07','2015-09-13'),(35,'2015-09-14','2015-09-20'),(36,'2015-09-21','2015-09-27'),(37,'2015-09-28','2015-10-04'),(38,'2015-10-05','2015-10-11'),(39,'2015-10-12','2015-10-18'),(40,'2015-10-19','2015-10-25'),(41,'2015-10-26','2015-11-01'),(42,'2015-11-02','2015-11-08'),(43,'2015-11-09','2015-11-15'),(44,'2015-11-16','2015-11-22'),(45,'2015-11-23','2015-11-29'),(46,'2015-11-30','2015-12-06'),(47,'2015-12-07','2015-12-13'),(48,'2015-12-14','2015-12-20'),(49,'2015-12-21','2015-12-27'),(50,'2015-12-28','2016-01-03'),(51,'2016-01-04','2016-01-10'),(52,'2016-01-11','2016-01-17'),(53,'2016-01-18','2016-01-24'),(54,'2016-01-25','2016-01-31'),(55,'2016-02-01','2016-02-07'),(56,'2016-02-08','2016-02-14'),(57,'2016-02-15','2016-02-21'),(58,'2016-02-22','2016-02-28'),(59,'2016-02-29','2016-03-06'),(60,'2016-03-07','2016-03-13'),(61,'2016-03-14','2016-03-20'),(62,'2016-03-21','2016-03-27'),(63,'2016-03-28','2016-04-03'),(64,'2016-04-04','2016-04-10'),(65,'2016-04-11','2016-04-17'),(66,'2016-04-18','2016-04-24'),(67,'2016-04-25','2016-05-01'),(68,'2016-05-02','2016-05-08'),(69,'2016-05-09','2016-05-15'),(70,'2016-05-16','2016-05-22'),(71,'2016-05-23','2016-05-29'),(72,'2016-05-30','2016-06-05'),(73,'2016-06-06','2016-06-12'),(74,'2016-06-13','2016-06-19'),(75,'2016-06-20','2016-06-26'),(76,'2016-06-27','2016-07-03'),(77,'2016-07-04','2016-07-10'),(78,'2016-07-11','2016-07-17'),(79,'2016-07-18','2016-07-24'),(80,'2016-07-25','2016-07-31'),(81,'2016-08-01','2016-08-07'),(82,'2016-08-08','2016-08-14'),(83,'2016-08-15','2016-08-21'),(84,'2016-08-22','2016-08-28'),(85,'2016-08-29','2016-09-04'),(86,'2016-09-05','2016-09-11'),(87,'2016-09-12','2016-09-18'),(88,'2016-09-19','2016-09-25'),(89,'2016-09-26','2016-10-02'),(90,'2016-10-03','2016-10-09'),(91,'2016-10-10','2016-10-16'),(92,'2016-10-17','2016-10-23'),(93,'2016-10-24','2016-10-30'),(94,'2016-10-31','2016-11-06'),(95,'2016-11-07','2016-11-13'),(96,'2016-11-14','2016-11-20'),(97,'2016-11-21','2016-11-27'),(98,'2016-11-28','2016-12-04'),(99,'2016-12-05','2016-12-11'),(100,'2016-12-12','2016-12-18'),(101,'2016-12-19','2016-12-25'),(102,'2016-12-26','2017-01-01'),(103,'2017-01-02','2017-01-08'),(104,'2017-01-09','2017-01-15'),(105,'2017-01-16','2017-01-22'),(106,'2017-01-23','2017-01-29'),(107,'2017-01-30','2017-02-05'),(108,'2017-02-06','2017-02-12'),(109,'2017-02-13','2017-02-19'),(110,'2017-02-20','2017-02-26'),(111,'2017-02-27','2017-03-05'),(112,'2017-03-06','2017-03-12'),(113,'2017-03-13','2017-03-19'),(114,'2017-03-20','2017-03-26'),(115,'2017-03-27','2017-04-02'),(116,'2017-04-03','2017-04-09'),(117,'2017-04-10','2017-04-16'),(118,'2017-04-17','2017-04-23'),(119,'2017-04-24','2017-04-30'),(120,'2017-05-01','2017-05-07'),(121,'2017-05-08','2017-05-14'),(122,'2017-05-15','2017-05-21'),(123,'2017-05-22','2017-05-28'),(124,'2017-05-29','2017-06-04'),(125,'2017-06-05','2017-06-11'),(126,'2017-06-12','2017-06-18'),(127,'2017-06-19','2017-06-25'),(128,'2017-06-26','2017-07-02'),(129,'2017-07-03','2017-07-09'),(130,'2017-07-10','2017-07-16'),(131,'2017-07-17','2017-07-23'),(132,'2017-07-24','2017-07-30'),(133,'2017-07-31','2017-08-06'),(134,'2017-08-07','2017-08-13'),(135,'2017-08-14','2017-08-20'),(136,'2017-08-21','2017-08-27'),(137,'2017-08-28','2017-09-03'),(138,'2017-09-04','2017-09-10'),(139,'2017-09-11','2017-09-17'),(140,'2017-09-18','2017-09-24'),(141,'2017-09-25','2017-10-01'),(142,'2017-10-02','2017-10-08'),(143,'2017-10-09','2017-10-15'),(144,'2017-10-16','2017-10-22'),(145,'2017-10-23','2017-10-29'),(146,'2017-10-30','2017-11-05'),(147,'2017-11-06','2017-11-12'),(148,'2017-11-13','2017-11-19'),(149,'2017-11-20','2017-11-26'),(150,'2017-11-27','2017-12-03'),(151,'2017-12-04','2017-12-10'),(152,'2017-12-11','2017-12-17'),(153,'2017-12-18','2017-12-24'),(154,'2017-12-25','2017-12-31'),(155,'2018-01-01','2018-01-07'),(156,'2018-01-08','2018-01-14'),(157,'2018-01-15','2018-01-21'),(158,'2018-01-22','2018-01-28'),(159,'2018-01-29','2018-02-04'),(160,'2018-02-05','2018-02-11'),(161,'2018-02-12','2018-02-18'),(162,'2018-02-19','2018-02-25'),(163,'2018-02-26','2018-03-04'),(164,'2018-03-05','2018-03-11'),(165,'2018-03-12','2018-03-18'),(166,'2018-03-19','2018-03-25'),(167,'2018-03-26','2018-04-01'),(168,'2018-04-02','2018-04-08'),(169,'2018-04-09','2018-04-15'),(170,'2018-04-16','2018-04-22'),(171,'2018-04-23','2018-04-29'),(172,'2018-04-30','2018-05-06'),(173,'2018-05-07','2018-05-13'),(174,'2018-05-14','2018-05-20'),(175,'2018-05-21','2018-05-27'),(176,'2018-05-28','2018-06-03'),(177,'2018-06-04','2018-06-10'),(178,'2018-06-11','2018-06-17'),(179,'2018-06-18','2018-06-24'),(180,'2018-06-25','2018-07-01'),(181,'2018-07-02','2018-07-08'),(182,'2018-07-09','2018-07-15'),(183,'2018-07-16','2018-07-22'),(184,'2018-07-23','2018-07-29'),(185,'2018-07-30','2018-08-05'),(186,'2018-08-06','2018-08-12'),(187,'2018-08-13','2018-08-19'),(188,'2018-08-20','2018-08-26'),(189,'2018-08-27','2018-09-02'),(190,'2018-09-03','2018-09-09'),(191,'2018-09-10','2018-09-16'),(192,'2018-09-17','2018-09-23'),(193,'2018-09-24','2018-09-30'),(194,'2018-10-01','2018-10-07'),(195,'2018-10-08','2018-10-14'),(196,'2018-10-15','2018-10-21'),(197,'2018-10-22','2018-10-28'),(198,'2018-10-29','2018-11-04'),(199,'2018-11-05','2018-11-11'),(200,'2018-11-12','2018-11-18'),(201,'2018-11-19','2018-11-25'),(202,'2018-11-26','2018-12-02'),(203,'2018-12-03','2018-12-09'),(204,'2018-12-10','2018-12-16'),(205,'2018-12-17','2018-12-23'),(206,'2018-12-24','2018-12-30'),(207,'2018-12-31','2019-01-06'),(208,'2019-01-07','2019-01-13'),(209,'2019-01-14','2019-01-20'),(210,'2019-01-21','2019-01-27'),(211,'2019-01-28','2019-02-03'),(212,'2019-02-04','2019-02-10'),(213,'2019-02-11','2019-02-17'),(214,'2019-02-18','2019-02-24'),(215,'2019-02-25','2019-03-03'),(216,'2019-03-04','2019-03-10'),(217,'2019-03-11','2019-03-17'),(218,'2019-03-18','2019-03-24'),(219,'2019-03-25','2019-03-31'),(220,'2019-04-01','2019-04-07'),(221,'2019-04-08','2019-04-14'),(222,'2019-04-15','2019-04-21'),(223,'2019-04-22','2019-04-28'),(224,'2019-04-29','2019-05-05'),(225,'2019-05-06','2019-05-12'),(226,'2019-05-13','2019-05-19'),(227,'2019-05-20','2019-05-26'),(228,'2019-05-27','2019-06-02'),(229,'2019-06-03','2019-06-09'),(230,'2019-06-10','2019-06-16'),(231,'2019-06-17','2019-06-23'),(232,'2019-06-24','2019-06-30'),(233,'2019-07-01','2019-07-07'),(234,'2019-07-08','2019-07-14'),(235,'2019-07-15','2019-07-21'),(236,'2019-07-22','2019-07-28'),(237,'2019-07-29','2019-08-04'),(238,'2019-08-05','2019-08-11'),(239,'2019-08-12','2019-08-18'),(240,'2019-08-19','2019-08-25'),(241,'2019-08-26','2019-09-01'),(242,'2019-09-02','2019-09-08'),(243,'2019-09-09','2019-09-15'),(244,'2019-09-16','2019-09-22'),(245,'2019-09-23','2019-09-29'),(246,'2019-09-30','2019-10-06'),(247,'2019-10-07','2019-10-13'),(248,'2019-10-14','2019-10-20'),(249,'2019-10-21','2019-10-27'),(250,'2019-10-28','2019-11-03'),(251,'2019-11-04','2019-11-10'),(252,'2019-11-11','2019-11-17'),(253,'2019-11-18','2019-11-24'),(254,'2019-11-25','2019-12-01'),(255,'2019-12-02','2019-12-08'),(256,'2019-12-09','2019-12-15'),(257,'2019-12-16','2019-12-22'),(258,'2019-12-23','2019-12-29'),(259,'2019-12-30','2020-01-05'),(260,'2020-01-06','2020-01-12'),(261,'2020-01-13','2020-01-19'),(262,'2020-01-20','2020-01-26'),(263,'2020-01-27','2020-02-02'),(264,'2020-02-03','2020-02-09'),(265,'2020-02-10','2020-02-16'),(266,'2020-02-17','2020-02-23'),(267,'2020-02-24','2020-03-01'),(268,'2020-03-02','2020-03-08'),(269,'2020-03-09','2020-03-15'),(270,'2020-03-16','2020-03-22'),(271,'2020-03-23','2020-03-29'),(272,'2020-03-30','2020-04-05'),(273,'2020-04-06','2020-04-12'),(274,'2020-04-13','2020-04-19'),(275,'2020-04-20','2020-04-26'),(276,'2020-04-27','2020-05-03'),(277,'2020-05-04','2020-05-10'),(278,'2020-05-11','2020-05-17'),(279,'2020-05-18','2020-05-24'),(280,'2020-05-25','2020-05-31'),(281,'2020-06-01','2020-06-07'),(282,'2020-06-08','2020-06-14'),(283,'2020-06-15','2020-06-21'),(284,'2020-06-22','2020-06-28'),(285,'2020-06-29','2020-07-05'),(286,'2020-07-06','2020-07-12'),(287,'2020-07-13','2020-07-19'),(288,'2020-07-20','2020-07-26'),(289,'2020-07-27','2020-08-02'),(290,'2020-08-03','2020-08-09'),(291,'2020-08-10','2020-08-16'),(292,'2020-08-17','2020-08-23'),(293,'2020-08-24','2020-08-30'),(294,'2020-08-31','2020-09-06'),(295,'2020-09-07','2020-09-13'),(296,'2020-09-14','2020-09-20'),(297,'2020-09-21','2020-09-27'),(298,'2020-09-28','2020-10-04'),(299,'2020-10-05','2020-10-11'),(300,'2020-10-12','2020-10-18'),(301,'2020-10-19','2020-10-25'),(302,'2020-10-26','2020-11-01'),(303,'2020-11-02','2020-11-08'),(304,'2020-11-09','2020-11-15'),(305,'2020-11-16','2020-11-22'),(306,'2020-11-23','2020-11-29'),(307,'2020-11-30','2020-12-06'),(308,'2020-12-07','2020-12-13'),(309,'2020-12-14','2020-12-20'),(310,'2020-12-21','2020-12-27'),(311,'2020-12-28','2021-01-03'),(312,'2021-01-04','2021-01-10'),(313,'2021-01-11','2021-01-17'),(314,'2021-01-18','2021-01-24'),(315,'2021-01-25','2021-01-31'),(316,'2021-02-01','2021-02-07'),(317,'2021-02-08','2021-02-14'),(318,'2021-02-15','2021-02-21');
/*!40000 ALTER TABLE `weekly_checkpoint` ENABLE KEYS */;
UNLOCK TABLES;

--
-- Dumping events for database 'fcontrol_perfmon'
--

--
-- Dumping routines for database 'fcontrol_perfmon'
--
/*!40103 SET TIME_ZONE=@OLD_TIME_ZONE */;

/*!40101 SET SQL_MODE=@OLD_SQL_MODE */;
/*!40014 SET FOREIGN_KEY_CHECKS=@OLD_FOREIGN_KEY_CHECKS */;
/*!40014 SET UNIQUE_CHECKS=@OLD_UNIQUE_CHECKS */;
/*!40101 SET CHARACTER_SET_CLIENT=@OLD_CHARACTER_SET_CLIENT */;
/*!40101 SET CHARACTER_SET_RESULTS=@OLD_CHARACTER_SET_RESULTS */;
/*!40101 SET COLLATION_CONNECTION=@OLD_COLLATION_CONNECTION */;
/*!40111 SET SQL_NOTES=@OLD_SQL_NOTES */;

-- Dump completed on 2015-09-02 13:47:18
